﻿01001;Flensburg, kreisfreie Stadt;84694;85942;87432;88519;89504
01001;Flensburg, kreisfreie Stadt;84694;85942;87432;88519;89504
01002;Kiel, kreisfreie Stadt;243148;246306;247441;247943;247548
01003;Lübeck, kreisfreie Stadt;214420;216253;216712;216318;217198
01004;Neumünster, kreisfreie Stadt;77588;79197;79680;79335;79487
01051;Dithmarschen, Landkreis;132685;132917;133560;133447;133210
01053;Herzogtum Lauenburg, Landkreis;190703;192999;195063;196074;197264
01054;Nordfriesland, Landkreis;162203;163960;164926;165462;165507
01055;Ostholstein, Landkreis;198355;199574;200813;200584;200581
01056;Pinneberg, Landkreis;304087;307471;310653;312662;314391
01057;Plön, Landkreis;126865;128304;128703;128842;128647
01058;Rendsburg-Eckernförde, Landkreis;268628;270378;272337;273022;272775
01059;Schleswig-Flensburg, Landkreis;195593;196839;198685;199503;200025
01060;Segeberg, Landkreis;264972;267503;272235;274025;276032
01061;Steinburg, Landkreis;130218;131457;131875;131613;131347
01062;Stormarn, Landkreis;236705;239614;241811;242472;243196
02000;Hamburg, kreisfreie Stadt;1762791;1787408;1810438;1830584;1841179
03101;Braunschweig, kreisfreie Stadt;248502;251364;248667;248023;248292
03102;Salzgitter, kreisfreie Stadt;98966;101079;103668;104548;104948
03103;Wolfsburg, kreisfreie Stadt;123027;124045;123909;123914;124151
03151;Gifhorn, Landkreis;172541;174205;174749;175079;175920
03152;Göttingen, Landkreis (bis 31.10.2016);250220;255653;-;-;-
03153;Goslar, Landkreis;137256;138236;137979;137563;137014
03154;Helmstedt, Landkreis;90908;91500;92079;91720;91307
03155;Northeim, Landkreis;133905;134896;133610;133046;132765
03156;Osterode am Harz, Landkreis (bis 31.10.2016);73793;73885;-;-;-
03157;Peine, Landkreis;130601;132320;132979;133368;133965
03158;Wolfenbüttel, Landkreis;120035;120981;120904;120437;119960
03159;Göttingen, Landkreis;-;-;327065;328036;-
03201;Hannover, kreisfreie Stadt (bis 31.10.2001);-;-;-;-;-
03241;Region Hannover, Landkreis;1128037;1144481;1148700;1152675;1157624
03251;Diepholz, Landkreis;211093;213976;215082;216012;216886
03252;Hameln-Pyrmont, Landkreis;147813;148281;148265;148296;148559
03253;Hannover, Landkreis (bis 31.10.2001);-;-;-;-;-
03254;Hildesheim, Landkreis;274554;277055;277300;276640;276594
03255;Holzminden, Landkreis;71438;71659;71510;71144;70975
03256;Nienburg (Weser), Landkreis;119631;120632;121503;121470;121386
03257;Schaumburg, Landkreis;155847;156206;157616;157883;157781
03351;Celle, Landkreis;176157;177971;178370;178764;178936
03352;Cuxhaven, Landkreis;196787;198103;198670;198100;198213
03353;Harburg, Landkreis;245199;248122;250326;251511;252776
03354;Lüchow-Dannenberg, Landkreis;48728;50128;48825;48357;48424
03355;Lüneburg, Landkreis;178122;180719;181605;182930;183372
03356;Osterholz, Landkreis;111484;113579;112695;113105;113517
03357;Rotenburg (Wümme), Landkreis;161842;163253;163372;163377;163455
03358;Heidekreis;136200;140264;139641;139099;139755,
03359;Stade, Landkreis;197448;200054;201638;201887;203102
03360;Uelzen, Landkreis;92533;93131;92961;92744;92572
03361;Verden, Landkreis;133215;134645;135842;136590;136792
03401;Delmenhorst, kreisfreie Stadt;74804;76323;77045;77521;77607
03402;Emden, kreisfreie Stadt;50016;50694;50486;50607;50195
03403;Oldenburg (Oldenburg), kreisfreie Stadt;160907;163830;165711;167081;168210
03404;Osnabrück, kreisfreie Stadt;156897;162403;164070;164374;164748
03405;Wilhelmshaven, kreisfreie Stadt;75534;75995;76201;76316;76278
03451;Ammerland, Landkreis;119917;121435;122698;123377;124071
03452;Aurich, Landkreis;187998;189199;190066;189949;189848
03453;Cloppenburg, Landkreis;162350;164734;165930;167925;169348
03454;Emsland, Landkreis;315757;319488;321391;323636;325657
03455;Friesland, Landkreis;96937;97900;98409;98509;98460
03456;Grafschaft Bentheim, Landkreis;134329;135662;135770;135859;136511
03457;Leer, Landkreis;165809;167548;168253;168946;169809
03458;Oldenburg, Landkreis;126798;128608;129484;129924;130144
03459;Osnabrück, Landkreis;351316;358079;354807;356140;357343
03460;Vechta, Landkreis;136184;137866;139671;140540;141598
03461;Wesermarsch, Landkreis;88765;89239;89282;89022;88624
03462;Wittmund, Landkreis;56539;57173;56881;56731;56882
04011;Bremen, kreisfreie Stadt;551767;557464;565719;568006;569352
04012;Bremerhaven, kreisfreie Stadt;110121;114025;113034;113026;113634
05111;Düsseldorf, kreisfreie Stadt;604527;612178;613230;617280;619294
05112;Duisburg, kreisfreie Stadt;485465;491231;499845;498110;498590
05113;Essen, kreisfreie Stadt;573784;582624;583084;583393;583109
05114;Krefeld, kreisfreie Stadt;222500;225144;226812;226699;227020
05116;Mönchengladbach, kreisfreie Stadt;256853;259996;260925;262188;261454
05117;Mülheim an der Ruhr, kreisfreie Stadt;167108;169278;170936;171265;170880
05119;Oberhausen, kreisfreie Stadt;209292;210934;211382;211422;210829
05120;Remscheid, kreisfreie Stadt;109009;109499;110611;110584;110994
05122;Solingen, kreisfreie Stadt;156771;158726;158908;158803;159360
05124;Wuppertal, kreisfreie Stadt;345425;350046;352390;353590;354382
05154;Kleve, Landkreis;304963;310337;310329;311270;310974
05158;Mettmann, Landkreis;477760;483279;484770;485409;485684
05162;Rhein-Kreis Neuss;442522;450026;447431;449408;451007,
05166;Viersen, Landkreis;295067;297661;298422;298733;298935
05170;Wesel, Landkreis;457244;462664;461715;460666;459809
05313;Aachen, kreisfreie Stadt (bis 20.10.2009);-;-;-;-;-
05314;Bonn, kreisfreie Stadt;313958;318809;322125;325490;327258
05315;Köln, kreisfreie Stadt;1046680;1060582;1075935;1080394;1085664
05316;Leverkusen, kreisfreie Stadt;161540;163487;163113;163577;163838
05334;Städteregion Aachen, Landkreis;547661;553922;552472;554068;555465
05354;Aachen, Landkreis (bis 20.10.2009);-;-;-;-;-
05358;Düren, Landkreis;259073;262828;262072;262889;263722
05362;Rhein-Erft-Kreis;459448;466657;465549;467209;470089,
05366;Euskirchen, Landkreis;188158;191165;191202;192127;192840
05370;Heinsberg, Landkreis;249310;252527;252651;253106;254322
05374;Oberbergischer Kreis;270618;273452;273139;272968;272471,
05378;Rheinisch-Bergischer Kreis;279497;282729;283304;283344;283455,
05382;Rhein-Sieg-Kreis;585781;596213;597854;599056;599780,
05512;Bottrop, kreisfreie Stadt;116017;117143;117409;117364;117383
05513;Gelsenkirchen, kreisfreie Stadt;257651;260368;262528;260305;260654
05515;Münster, kreisfreie Stadt;302178;310039;311846;313559;314319
05554;Borken, Landkreis;365191;369666;369226;369718;370676
05558;Coesfeld, Landkreis;215996;218401;219019;219360;219929
05562;Recklinghausen, Landkreis;613092;617807;617195;616824;615261
05566;Steinfurt, Landkreis;437127;443374;444409;446565;447614
05570;Warendorf, Landkreis;273412;277431;277744;277458;277783
05711;Bielefeld, kreisfreie Stadt;329782;333090;333451;332552;333786
05754;Gütersloh, Landkreis;354463;360642;361828;363049;364083
05758;Herford, Landkreis;249219;252122;251074;251539;250783
05762;Höxter, Landkreis;142770;144010;141855;141565;140667
05766;Lippe, Landkreis;345127;350750;348933;349069;348391
05770;Minden-Lübbecke, Landkreis;309216;313050;311866;311207;310710
05774;Paderborn, Landkreis;299071;304332;305198;305362;306890
05911;Bochum, kreisfreie Stadt;361876;364742;364920;365529;364628
05913;Dortmund, kreisfreie Stadt;580511;586181;585813;586600;587010
05914;Hagen, kreisfreie Stadt;186716;189044;188266;187730;188814
05915;Hamm, kreisfreie Stadt;176580;179397;179571;179185;179111
05916;Herne, kreisfreie Stadt;154608;155851;156774;156490;156374
05954;Ennepe-Ruhr-Kreis;322916;325954;325374;324670;324296,
05958;Hochsauerlandkreis;261561;263762;262269;261591;260475,
05962;Märkischer Kreis;413820;416171;414886;413383;412120,
05966;Olpe, Landkreis;134759;136365;134983;134808;134775
05970;Siegen-Wittgenstein, Landkreis;275909;280800;277933;277977;278210
05974;Soest, Landkreis;296742;302995;301655;301693;301902
05978;Unna, Landkreis;391774;396035;393869;393934;394782
06411;Darmstadt, kreisfreie Stadt;151879;155353;157437;158254;159207
06412;Frankfurt am Main, kreisfreie Stadt;717624;732688;736414;746878;753056
06413;Offenbach am Main, kreisfreie Stadt;120988;123734;124589;126658;128744
06414;Wiesbaden, kreisfreie Stadt;275116;276218;277619;278654;278342
06431;Bergstraße, Landkreis;263822;266928;267935;268780;269694
06432;Darmstadt-Dieburg, Landkreis;287966;292773;294744;296048;297399
06433;Groß-Gerau, Landkreis;260793;266042;269045;271403;274526
06434;Hochtaunuskreis;230798;233427;234991;235995;236564,
06435;Main-Kinzig-Kreis;407619;411956;416715;418208;418950,
06436;Main-Taunus-Kreis;229976;232848;235708;236969;237735,
06437;Odenwaldkreis;96082;97000;96473;96597;96798,
06438;Offenbach, Landkreis;341669;347357;349982;351692;354092
06439;Rheingau-Taunus-Kreis;182117;184114;185668;186602;187157,
06440;Wetteraukreis;297369;301931;303914;305312;306460,
06531;Gießen, Landkreis;259834;262505;265699;267056;268876
06532;Lahn-Dill-Kreis;251440;253167;254074;254164;253777,
06533;Limburg-Weilburg, Landkreis;170385;171922;172120;171971;172083
06534;Marburg-Biedenkopf, Landkreis;241598;245241;245013;246165;246648
06535;Vogelsbergkreis;105763;107256;106737;106451;105878,
06611;Kassel, kreisfreie Stadt;194747;197984;199062;200736;201585
06631;Fulda, Landkreis;217326;220132;221170;221783;222584
06632;Hersfeld-Rotenburg, Landkreis;119394;121166;121037;121101;120829
06633;Kassel, Landkreis;233451;235813;236905;236674;236633
06634;Schwalm-Eder-Kreis;179466;180310;181105;180754;180222,
06635;Waldeck-Frankenberg, Landkreis;156460;157592;157967;157256;156953
06636;Werra-Meißner-Kreis;100206;100715;100965;101101;101017,
07111;Koblenz, kreisfreie Stadt;111434;112586;113605;113844;114024
07131;Ahrweiler, Landkreis;126643;127770;128455;128914;129727
07132;Altenkirchen (Westerwald), Landkreis;128228;129171;128961;128791;128705
07133;Bad Kreuznach, Landkreis;155944;156821;157392;157549;158080
07134;Birkenfeld, Landkreis;80591;80615;80799;80728;80720
07135;Cochem-Zell, Landkreis;62041;62391;61864;61662;61587
07137;Mayen-Koblenz, Landkreis;210441;211925;212968;213554;214259
07138;Neuwied, Landkreis;179317;180655;181537;181655;181941
07140;Rhein-Hunsrück-Kreis;101945;102529;103026;102938;102937,
07141;Rhein-Lahn-Kreis;121487;123543;122553;122381;122308,
07143;Westerwaldkreis;199131;200302;201027;201039;201597,
07211;Trier, kreisfreie Stadt;108472;114914;110111;110013;110636
07231;Bernkastel-Wittlich, Landkreis;110981;111828;112006;112134;112262
07232;Eifelkreis Bitburg-Prüm;96408;97180;98021;98213;98561,
07233;Vulkaneifel, Landkreis;60775;60794;60757;60705;60603
07235;Trier-Saarburg, Landkreis;145227;147999;147833;148532;148945
07311;Frankenthal (Pfalz), kreisfreie Stadt;47724;48363;48445;48417;48561
07312;Kaiserslautern, kreisfreie Stadt;97382;98520;99302;99684;99845
07313;Landau in der Pfalz, kreisfreie Stadt;44465;45362;46006;46292;46677
07314;Ludwigshafen am Rhein, kreisfreie Stadt;163832;164718;166621;168497;171061
07315;Mainz, kreisfreie Stadt;206991;209779;213528;215110;217118
07316;Neustadt an der Weinstraße, kreisfreie Stadt;52564;52999;53209;53353;53148
07317;Pirmasens, kreisfreie Stadt;40046;40125;40416;40632;40403
07318;Speyer, kreisfreie Stadt;49855;50284;50551;50931;50378
07319;Worms, kreisfreie Stadt;81010;82102;82595;83081;83330
07320;Zweibrücken, kreisfreie Stadt;34011;34260;34428;34270;34209
07331;Alzey-Worms, Landkreis;125998;127274;128197;128519;129244
07332;Bad Dürkheim, Landkreis;131530;132203;132960;132739;132660
07333;Donnersbergkreis;74962;75230;75203;75102;75101,
07334;Germersheim, Landkreis;126266;127303;128205;128477;129075
07335;Kaiserslautern, Landkreis;104288;104966;105504;105649;106057
07336;Kusel, Landkreis;70883;70997;70899;70764;70526
07337;Südliche Weinstraße, Landkreis;109735;110526;110885;110622;110356
07338;Rhein-Pfalz-Kreis;150051;151546;153043;153629;154201,
07339;Mainz-Bingen, Landkreis;204514;208749;209184;209785;210889
07340;Südwestpfalz, Landkreis;96410;96474;95957;95474;95113
08111;Stuttgart, kreisfreie Stadt;612441;623738;628032;632743;634830
08115;Böblingen, Landkreis;374279;381281;385888;389548;391640
08116;Esslingen, Landkreis;516779;524127;528792;532447;533859
08117;Göppingen, Landkreis;250117;252749;254618;256345;257253
08118;Ludwigsburg, Landkreis;526377;534074;537902;542630;543984
08119;Rems-Murr-Kreis;414016;419456;422698;424878;426158,
08121;Heilbronn, kreisfreie Stadt;119841;122567;123771;125113;125960
08125;Heilbronn, Landkreis;329250;334388;337571;340772;343068
08126;Hohenlohekreis;108816;110181;110689;111392;112010,
08127;Schwäbisch Hall, Landkreis;188974;191614;192958;194203;195861
08128;Main-Tauber-Kreis;130299;132181;132274;132189;132321,
08135;Heidenheim, Landkreis;128894;130527;131498;132006;132472
08136;Ostalbkreis;308205;312650;311587;312422;314002,
08211;Baden-Baden, kreisfreie Stadt;53342;54160;54307;54718;55123
08212;Karlsruhe, kreisfreie Stadt;300051;307755;309999;311919;313092
08215;Karlsruhe, Landkreis;431315;435841;440337;442673;444232
08216;Rastatt, Landkreis;224687;227474;228907;230216;231018
08221;Heidelberg, kreisfreie Stadt;154715;156267;159914;160601;160355
08222;Mannheim, kreisfreie Stadt;299844;305780;304781;307997;309370
08225;Neckar-Odenwald-Kreis;141651;142936;143278;143376;143535,
08226;Rhein-Neckar-Kreis;534729;541859;544400;546745;547625,
08231;Pforzheim, kreisfreie Stadt;119291;122247;123493;124289;125542
08235;Calw, Landkreis;152766;155359;155960;157424;158397
08236;Enzkreis;193728;196066;197246;198369;198905,
08237;Freudenstadt, Landkreis;115147;116233;116692;117456;117935
08311;Freiburg im Breisgau, kreisfreie Stadt;222203;226393;227590;229636;230241
08315;Breisgau-Hochschwarzwald, Landkreis;252749;257343;260416;262405;262795
08316;Emmendingen, Landkreis;159708;162082;163251;164712;165383
08317;Ortenaukreis;415639;420106;423359;425932;429479,
08325;Rottweil, Landkreis;135912;137500;138327;138858;139455
08326;Schwarzwald-Baar-Kreis;206116;209648;210084;211207;212381,
08327;Tuttlingen, Landkreis;134607;136606;138119;139397;140152
08335;Konstanz, Landkreis;275785;280288;282191;284015;285325
08336;Lörrach, Landkreis;223692;226708;227545;228314;228639
08337;Waldshut, Landkreis;165211;167861;168852;170198;170619
08415;Reutlingen, Landkreis;278031;282113;284082;285754;286748
08416;Tübingen, Landkreis;218355;221837;224635;225755;227331
08417;Zollernalbkreis;186360;188595;187401;188170;188935,
08421;Ulm, kreisfreie Stadt;120714;122636;123953;125596;126329
08425;Alb-Donau-Kreis;189129;192104;193318;194629;196047,
08426;Biberach, Landkreis;190438;194019;196206;198265;199742
08435;Bodenseekreis;209386;212201;213070;214655;216227,
08436;Ravensburg, Landkreis;275339;279296;281627;283264;284285
08437;Sigmaringen, Landkreis;127716;130772;130275;130192;130873
09161;Ingolstadt, kreisfreie Stadt;131002;132438;133639;135244;136981
09162;München, kreisfreie Stadt;1429584;1450381;1464301;1456039;1471508
09163;Rosenheim, kreisfreie Stadt;60889;61844;62672;63080;63324
09171;Altötting, Landkreis;107465;108485;109422;110338;111210
09172;Berchtesgadener Land, Landkreis;102976;103907;104480;105052;105722
09173;Bad Tölz-Wolfratshausen, Landkreis;123340;124930;125668;126572;127227
09174;Dachau, Landkreis;146279;149370;150839;152703;153884
09175;Ebersberg, Landkreis;134873;137421;139016;140800;142142
09176;Eichstätt, Landkreis;127189;128805;130808;131646;132341
09177;Erding, Landkreis;131839;133747;135429;136884;137660
09178;Freising, Landkreis;170357;173225;175803;177997;179116
09179;Fürstenfeldbruck, Landkreis;210278;213481;216857;217831;219320
09180;Garmisch-Partenkirchen, Landkreis;85931;87385;87877;88155;88467
09181;Landsberg am Lech, Landkreis;116118;117657;118725;119141;120071
09182;Miesbach, Landkreis;96773;98286;98828;99189;99726
09183;Mühldorf am Inn, Landkreis;110296;112034;113222;114486;115250
09184;München, Landkreis;332800;340003;343405;346433;348871
09185;Neuburg-Schrobenhausen, Landkreis;93505;94654;95759;96164;96680
09186;Pfaffenhofen an der Ilm, Landkreis;121594;124128;125085;126244;127151
09187;Rosenheim, Landkreis;251850;256074;257466;259449;260983
09188;Starnberg, Landkreis;131873;133621;134732;135545;136092
09189;Traunstein, Landkreis;171978;174162;175431;176290;177089
09190;Weilheim-Schongau, Landkreis;131190;132906;133859;134252;135348
09261;Landshut, kreisfreie Stadt;67509;69211;70025;71193;72404
09262;Passau, kreisfreie Stadt;49952;50566;51074;51781;52469
09263;Straubing, kreisfreie Stadt;46027;46806;47142;47586;47794
09271;Deggendorf, Landkreis;115699;116596;117601;118741;119326
09272;Freyung-Grafenau, Landkreis;77927;78122;78180;78345;78355
09273;Kelheim, Landkreis;116495;118965;119969;121119;122258
09274;Landshut, Landkreis;151819;154577;155442;157239;158698
09275;Passau, Landkreis;186284;188336;188904;190504;192043
09276;Regen, Landkreis;76265;76812;77187;77489;77656
09277;Rottal-Inn, Landkreis;118164;119218;119617;120371;120659
09278;Straubing-Bogen, Landkreis;97967;98806;99221;99838;100649
09279;Dingolfing-Landau, Landkreis;93450;94104;95035;95831;96217
09361;Amberg, kreisfreie Stadt;41535;41861;42348;42248;41970
09362;Regensburg, kreisfreie Stadt;142292;145465;148638;150894;152610
09363;Weiden in der Oberpfalz, kreisfreie Stadt;41817;42055;42494;42543;42520
09371;Amberg-Sulzbach, Landkreis;103045;103568;103009;102836;103109
09372;Cham, Landkreis;125844;126359;126918;127339;127882
09373;Neumarkt in der Oberpfalz, Landkreis;128975;130385;131662;132644;133561
09374;Neustadt an der Waldnaab, Landkreis;95184;95078;94528;94486;94352
09375;Regensburg, Landkreis;187205;189390;190481;192200;193572
09376;Schwandorf, Landkreis;143614;144864;145382;146487;147189
09377;Tirschenreuth, Landkreis;73250;73314;72918;72730;72504
09461;Bamberg, kreisfreie Stadt;71952;73331;75743;77179;77592
09462;Bayreuth, kreisfreie Stadt;71601;72148;73065;73999;74657
09463;Coburg, kreisfreie Stadt;41062;41257;41071;41236;41249
09464;Hof, kreisfreie Stadt;44325;44660;45183;45950;45930
09471;Bamberg, Landkreis;144695;145570;146042;146584;147086
09472;Bayreuth, Landkreis;104615;104306;103876;103805;103656
09473;Coburg, Landkreis;86715;86599;86734;86885;86906
09474;Forchheim, Landkreis;113900;114834;115259;115681;116099
09475;Hof, Landkreis;96608;96429;95915;95773;95311
09476;Kronach, Landkreis;67998;67916;67613;67474;67135
09477;Kulmbach, Landkreis;72541;72468;71993;72012;71845
09478;Lichtenfels, Landkreis;66540;66655;66640;66777;66838
09479;Wunsiedel im Fichtelgebirge, Landkreis;73403;73185;73260;73485;73178
09561;Ansbach, kreisfreie Stadt;40010;41159;41532;41652;41847
09562;Erlangen, kreisfreie Stadt;106423;108336;110238;110998;111962
09563;Fürth, kreisfreie Stadt;121519;124171;125403;126526;127748
09564;Nürnberg, kreisfreie Stadt;501072;509975;511628;515201;518365
09565;Schwabach, kreisfreie Stadt;39941;40428;40707;40781;40792
09571;Ansbach, Landkreis;179419;181314;182178;183256;183949
09572;Erlangen-Höchstadt, Landkreis;132830;134136;134640;135334;136271
09573;Fürth, Landkreis;113847;114291;115971;116193;117387
09574;Nürnberger Land, Landkreis;165918;167643;168893;169752;170365
09575;Neustadt an der Aisch-Bad Windsheim, Landkreis;97808;98751;99332;99641;100364
09576;Roth, Landkreis;123890;125140;125563;126101;126958
09577;Weißenburg-Gunzenhausen, Landkreis;92518;93342;93974;94208;94393
09661;Aschaffenburg, kreisfreie Stadt;68167;68986;69187;69928;70527
09662;Schweinfurt, kreisfreie Stadt;51610;51969;52724;53437;54032
09663;Würzburg, kreisfreie Stadt;124219;124873;126010;126635;127880
09671;Aschaffenburg, Landkreis;172776;173695;173504;173969;174208
09672;Bad Kissingen, Landkreis;102901;103106;103100;103265;103218
09673;Rhön-Grabfeld, Landkreis;79676;79723;79855;79796;79690
09674;Haßberge, Landkreis;84152;84581;84373;84464;84599
09675;Kitzingen, Landkreis;88492;89306;89748;90429;90909
09676;Miltenberg, Landkreis;127941;128446;128543;128484;128756
09677;Main-Spessart, Landkreis;125915;126123;126301;126523;126365
09678;Schweinfurt, Landkreis;113747;114813;114823;115105;115106
09679;Würzburg, Landkreis;159253;160427;161041;161340;161834
09761;Augsburg, kreisfreie Stadt;281111;286374;289584;292851;295135
09762;Kaufbeuren, kreisfreie Stadt;42014;42731;43134;43478;43893
09763;Kempten (Allgäu), kreisfreie Stadt;65624;66947;67529;68330;68907
09764;Memmingen, kreisfreie Stadt;42201;42841;43293;43470;43837
09771;Aichach-Friedberg, Landkreis;129294;130916;131399;132596;133596
09772;Augsburg, Landkreis;242697;245600;247539;249838;251534
09773;Dillingen an der Donau, Landkreis;93478;94575;94556;95159;96021
09774;Günzburg, Landkreis;121828;123153;123498;124519;125747
09775;Neu-Ulm, Landkreis;167847;170309;171011;172546;174200
09776;Lindau (Bodensee), Landkreis;79387;80429;80961;81148;81669
09777;Ostallgäu, Landkreis;135894;137709;138265;139278;140316
09778;Unterallgäu, Landkreis;138712;140419;141165;142544;144041
09779;Donau-Ries, Landkreis;130203;131345;132298;133043;133496
09780;Oberallgäu, Landkreis;150981;152672;153759;154568;155362
10041;Regionalverband Saarbrücken, Landkreis;325604;327380;329593;330150;329708
10042;Merzig-Wadern, Landkreis;102987;103997;103908;103656;103366
10043;Neunkirchen, Landkreis;133021;133735;133984;133297;132206
10044;Saarlouis, Landkreis;195632;197009;196609;195815;195201
10045;Saarpfalz-Kreis;143532;144584;144100;143402;142631,
10046;Sankt Wendel, Landkreis;88259;88892;88457;87867;87397
11000;Berlin, kreisfreie Stadt;3469849;3520031;3574830;3613495;3644826
12051;Brandenburg an der Havel, kreisfreie Stadt;71032;71574;71664;71886;72124
12052;Cottbus, kreisfreie Stadt;99491;99687;100416;101036;100219
12053;Frankfurt (Oder), kreisfreie Stadt;57649;58092;58193;58237;57873
12054;Potsdam, kreisfreie Stadt;164042;167745;171810;175710;178089
12060;Barnim, Landkreis;174981;177411;179365;180864;182760
12061;Dahme-Spreewald, Landkreis;161952;164528;166074;167319;169067
12062;Elbe-Elster, Landkreis;104997;104673;104397;103455;102638
12063;Havelland, Landkreis;155408;158236;159685;160710;161909
12064;Märkisch-Oderland, Landkreis;188422;190714;191685;192921;194328
12065;Oberhavel, Landkreis;204898;207524;208639;209893;211249
12066;Oberspreewald-Lausitz, Landkreis;112896;112450;111962;111122;110476
12067;Oder-Spree, Landkreis;177823;182397;178849;178347;178658
12068;Ostprignitz-Ruppin, Landkreis;98886;99110;99414;99368;99078
12069;Potsdam-Mittelmark, Landkreis;207498;210910;212207;213214;214664
12070;Prignitz, Landkreis;77550;77573;77813;77263;76508
12071;Spree-Neiße, Landkreis;118030;117635;116826;115456;114429
12072;Teltow-Fläming, Landkreis;161488;163553;164771;166890;168296
12073;Uckermark, Landkreis;120829;121014;120878;120349;119552
13001;Greifswald, kreisfreie Stadt (bis 03.09.2011);-;-;-;-;-
13002;Neubrandenburg, kreisfreie Stadt (bis 03.09.2011);-;-;-;-;-
13003;Rostock, kreisfreie Stadt;204167;206011;207513;208409;208886
13004;Schwerin, kreisfreie Stadt;92138;96800;95668;95797;95818
13005;Stralsund, kreisfreie Stadt (bis 03.09.2011);-;-;-;-;-
13006;Wismar, kreisfreie Stadt (bis 03.09.2011);-;-;-;-;-
13051;Bad Doberan, Landkreis (bis 03.09.2011);-;-;-;-;-
13052;Demmin, Landkreis (bis 03.09.2011);-;-;-;-;-
13053;Güstrow, Landkreis (bis 03.09.2011);-;-;-;-;-
13054;Ludwigslust, Landkreis (bis 03.09.2011);-;-;-;-;-
13055;Mecklenburg-Strelitz, Landkreis (bis 03.09.2011);-;-;-;-;-
13056;Müritz, Landkreis (bis 03.09.2011);-;-;-;-;-
13057;Nordvorpommern, Landkreis (bis 03.09.2011);-;-;-;-;-
13058;Nordwestmecklenburg, Landkreis (bis 03.09.2011);-;-;-;-;-
13059;Ostvorpommern, Landkreis (bis 03.09.2011);-;-;-;-;-
13060;Parchim, Landkreis (bis 03.09.2011);-;-;-;-;-
13061;Rügen, Landkreis (bis 03.09.2011);-;-;-;-;-
13062;Uecker-Randow, Landkreis (bis 03.09.2011);-;-;-;-;-
13071;Mecklenburgische Seenplatte, Landkreis;261733;262517;261816;260574;259130
13072;Rostock, Landkreis;211878;213473;213945;214635;215113
13073;Vorpommern-Rügen, Landkreis;223470;224820;224971;225123;224684
13074;Nordwestmecklenburg, Landkreis;155424;156270;156825;156993;156729
13075;Vorpommern-Greifswald, Landkreis;237697;238358;237374;237066;236697
13076;Ludwigslust-Parchim, Landkreis;212631;214113;212562;212522;212618
14161;Chemnitz, kreisfreie Stadt (bis 31.07.2008);-;-;-;-;-
14166;Plauen, kreisfreie Stadt (bis 31.07.2008);-;-;-;-;-
14167;Zwickau, kreisfreie Stadt (bis 31.07.2008);-;-;-;-;-
14171;Annaberg, Landkreis (bis 31.07.2008);-;-;-;-;-
14173;Chemnitzer Land, Landkreis (bis 31.07.2008);-;-;-;-;-
14177;Freiberg, Landkreis (bis 31.07.2008);-;-;-;-;-
14178;Vogtlandkreis (bis 31.07.2008);-;-;-;-;-,
14181;Mittlerer Erzgebirgskreis (bis 31.07.2008);-;-;-;-;-,
14182;Mittweida, Landkreis (bis 31.07.2008);-;-;-;-;-
14188;Stollberg, Landkreis (bis 31.07.2008);-;-;-;-;-
14191;Aue-Schwarzenberg, Landkreis (bis 31.07.2008);-;-;-;-;-
14193;Zwickauer Land, Landkreis (bis 31.07.2008);-;-;-;-;-
14262;Dresden, kreisfreie Stadt (bis 31.07.2008);-;-;-;-;-
14263;Görlitz, kreisfreie Stadt (bis 31.07.2008);-;-;-;-;-
14264;Hoyerswerda, kreisfreie Stadt (bis 31.07.2008);-;-;-;-;-
14272;Bautzen, Landkreis (bis 31.07.2008);-;-;-;-;-
14280;Meißen, Landkreis (bis 31.07.2008);-;-;-;-;-
14284;Niederschlesischer Oberlausitzkreis (b.31.07.2008);-;-;-;-;-,
14285;Riesa-Großenhain, Landkreis (bis 31.07.2008);-;-;-;-;-
14286;Löbau-Zittau, Landkreis (bis 31.07.2008);-;-;-;-;-
14287;Sächsische Schweiz, Landkreis (bis 31.07.2008);-;-;-;-;-
14290;Weißeritzkreis (bis 31.07.2008);-;-;-;-;-,
14292;Kamenz, Landkreis (bis 31.07.2008);-;-;-;-;-
14365;Leipzig, kreisfreie Stadt (bis 31.07.2008);-;-;-;-;-
14374;Delitzsch, Landkreis (bis 31.07.2008);-;-;-;-;-
14375;Döbeln, Landkreis (bis 31.07.2008);-;-;-;-;-
14379;Leipziger Land, Landkreis (bis 31.07.2008);-;-;-;-;-
14383;Muldentalkreis (bis 31.07.2008);-;-;-;-;-,
14389;Torgau-Oschatz, Landkreis (bis 31.07.2008);-;-;-;-;-
14511;Chemnitz, kreisfreie Stadt;243521;248645;246353;246855;247237
14521;Erzgebirgskreis;349582;347665;344136;340373;337696,
14522;Mittelsachsen, Landkreis;312711;312450;310505;308153;306185
14523;Vogtlandkreis;232390;232318;231051;229584;227796,
14524;Zwickau, Landkreis;325137;324534;322099;319988;317531
14612;Dresden, kreisfreie Stadt;536308;543825;547172;551072;554649
14625;Bautzen, Landkreis;306570;306273;304691;302634;300880
14626;Görlitz, Landkreis;260188;260000;258337;256587;254894
14627;Meißen, Landkreis;243745;245244;243889;242862;242165
14628;Sächsische Schweiz-Osterzgebirge, Landkreis;245954;247412;246066;245418;245611
14713;Leipzig, kreisfreie Stadt;544479;560472;571088;581980;587857
14729;Leipzig, Landkreis;257647;258408;258333;258008;257763
14730;Nordsachsen, Landkreis;197042;197605;198063;197794;197673
15001;Dessau-Roßlau, kreisfreie Stadt;83061;82919;82505;82111;81237
15002;Halle (Saale), kreisfreie Stadt;232470;236991;238005;239173;239257
15003;Magdeburg, kreisfreie Stadt;232305;235723;238136;238478;238697
15081;Altmarkkreis Salzwedel;86071;86164;85236;84457;83765,
15082;Anhalt-Bitterfeld, Landkreis;165076;164817;163100;161264;159854
15083;Börde, Landkreis;172830;173473;172959;172619;171734
15084;Burgenlandkreis;184055;184081;183174;181968;180190,
15085;Harz, Landkreis;219618;221366;219643;216299;214446
15086;Jerichower Land, Landkreis;91359;91693;91345;90465;89928
15087;Mansfeld-Südharz, Landkreis;142054;141408;139781;138013;136249
15088;Saalekreis;186510;186431;185951;185494;184582,
15089;Salzlandkreis;196750;196695;194575;192739;190560,
15090;Stendal, Landkreis;114668;115262;114393;113186;111982
15091;Wittenberg, Landkreis;128721;128447;127449;126815;125840
15101;Dessau, kreisfreie Stadt (bis 30.06.2007);-;-;-;-;-
15151;Anhalt-Zerbst, Landkreis (bis 30.06.2007);-;-;-;-;-
15153;Bernburg, Landkreis (bis 30.06.2007);-;-;-;-;-
15154;Bitterfeld, Landkreis (bis 30.06.2007);-;-;-;-;-
15159;Köthen, Landkreis (bis 30.06.2007);-;-;-;-;-
15171;Wittenberg, Landkreis (bis 30.06.2007);-;-;-;-;-
15202;Halle (Saale), kreisfreie Stadt (bis 30.06.2007);-;-;-;-;-
15256;Burgenlandkreis (bis 30.06.2007);-;-;-;-;-,
15260;Mansfelder Land, Landkreis (bis 30.06.2007);-;-;-;-;-
15261;Merseburg-Querfurt, Landkreis (bis 30.06.2007);-;-;-;-;-
15265;Saalkreis (bis 30.06.2007);-;-;-;-;-,
15266;Sangerhausen, Landkreis (bis 30.06.2007);-;-;-;-;-
15268;Weißenfels, Landkreis (bis 30.06.2007);-;-;-;-;-
15303;Magdeburg, kreisfreie Stadt (bis 30.06.2007);-;-;-;-;-
15352;Aschersleben-Staßfurt, Landkreis (bis 30.06.2007);-;-;-;-;-
15355;Bördekreis (bis 30.06.2007);-;-;-;-;-,
15357;Halberstadt, Landkreis (bis 30.06.2007);-;-;-;-;-
15358;Jerichower Land, Landkreis (bis 30.06.2007);-;-;-;-;-
15362;Ohrekreis (bis 30.06.2007);-;-;-;-;-,
15363;Stendal, Landkreis (bis 30.06.2007);-;-;-;-;-
15364;Quedlinburg, Landkreis (bis 30.06.2007);-;-;-;-;-
15367;Schönebeck, Landkreis (bis 30.06.2007);-;-;-;-;-
15369;Wernigerode, Landkreis (bis 30.06.2007);-;-;-;-;-
15370;Altmarkkreis Salzwedel (bis 30.06.2007);-;-;-;-;-,
16051;Erfurt, kreisfreie Stadt;206219;210118;211113;212988;213699
16052;Gera, kreisfreie Stadt;94492;96011;94750;94859;94152
16053;Jena, kreisfreie Stadt;108207;109527;110321;111099;111407
16054;Suhl, kreisfreie Stadt;36208;36778;35608;35166;34835
16055;Weimar, kreisfreie Stadt;63477;64131;64355;64426;65090
16056;Eisenach, kreisfreie Stadt;41884;42417;42588;42710;42370
16061;Eichsfeld, Landkreis;100730;101325;101033;100645;100380
16062;Nordhausen, Landkreis;85055;85355;85098;84697;83822
16063;Wartburgkreis;125835;125655;124729;123764;123025,
16064;Unstrut-Hainich-Kreis;103922;105273;103948;103504;102912,
16065;Kyffhäuserkreis;77148;77110;76685;75818;75009,
16066;Schmalkalden-Meiningen, Landkreis;125056;124623;123506;122952;122347
16067;Gotha, Landkreis;135381;136831;135430;135521;135452
16068;Sömmerda, Landkreis;70537;70600;70118;70027;69655
16069;Hildburghausen, Landkreis;64673;64524;64330;63923;63553
16070;Ilm-Kreis;108899;109620;109167;108830;108742,
16071;Weimarer Land, Landkreis;81641;82127;82316;82131;81947
16072;Sonneberg, Landkreis;56809;56818;56507;56361;56196
16073;Saalfeld-Rudolstadt, Landkreis;109646;109278;108315;107368;106356
16074;Saale-Holzland-Kreis;83966;86184;84525;82990;83051,
16075;Saale-Orla-Kreis;82887;82951;82362;81501;80868,
16076;Greiz, Landkreis;101382;101114;99717;99275;98159
16077;Altenburger Land, Landkreis;92705;92344;91607;90650;90118
