﻿11000,"Berlin, Stadt",,,
,,01001,"Flensburg, Stadt",118
,,01002,"Kiel, Landeshauptstadt",352
,,01003,"Lübeck, Hansestadt",349
,,01004,"Neumünster, Stadt",725
,,01051,Dithmarschen,32
,,01053,Herzogtum Lauenburg,281
,,01054,Nordfriesland,157
,,01055,Ostholstein,121
,,01056,Pinneberg,210
,,01057,Plön,32
,,01058,Rendsburg-Eckernförde,150
,,01059,Schleswig-Flensburg,52
,,01060,Segeberg,300
,,01061,Steinburg,33
,,01062,Stormarn,306
,,010,Schleswig-Holstein,"3,218"
,,01,Schleswig-Holstein,"3,218"
,,02000,"Hamburg, Freie und Hansestadt","8,608"
,,020,Hamburg,"8,608"
,,02,Hamburg,"8,608"
,,03101,"Braunschweig, Stadt",666
,,03102,"Salzgitter, Stadt",91
,,03103,"Wolfsburg, Stadt","1,285"
,,03151,Gifhorn,128
,,03153,Goslar,83
,,03154,Helmstedt,34
,,03155,Northeim,86
,,03157,Peine,40
,,03158,Wolfenbüttel,75
,,03159,Göttingen,338
,,031,Statistische Region Braunschweig,"2,826"
,,03241,Region Hannover,"2,295"
,,03251,Diepholz,51
,,03252,Hameln-Pyrmont,93
,,03254,Hildesheim,163
,,03255,Holzminden,22
,,03256,Nienburg (Weser),40
,,03257,Schaumburg,31
,,032,Statistische Region Hannover,"2,695"
,,03351,Celle,97
,,03352,Cuxhaven,63
,,03353,Harburg,201
,,03354,Lüchow-Dannenberg,34
,,03355,Lüneburg,285
,,03356,Osterholz,35
,,03357,Rotenburg (Wümme),84
,,03358,Heidekreis,103
,,03359,Stade,91
,,03360,Uelzen,39
,,03361,Verden,100
,,033,Statistische Region Lüneburg,"1,132"
,,03401,"Delmenhorst, Stadt",52
,,03402,"Emden, Stadt",16
,,03403,"Oldenburg (Oldenburg), Stadt",196
,,03404,"Osnabrück, Stadt",300
,,03405,"Wilhelmshaven, Stadt",22
,,03451,Ammerland,112
,,03452,Aurich,89
,,03453,Cloppenburg,59
,,03454,Emsland,222
,,03455,Friesland,21
,,03456,Grafschaft Bentheim,34
,,03457,Leer,49
,,03458,Oldenburg,64
,,03459,Osnabrück,132
,,03460,Vechta,50
,,03461,Wesermarsch,20
,,03462,Wittmund,19
,,034,Statistische Region Weser-Ems,"1,457"
,,03,Niedersachsen,"8,110"
,,04011,"Bremen, Stadt","1,062"
,,04012,"Bremerhaven, Stadt",76
,,040,Bremen,"1,138"
,,04,Bremen,"1,138"
,,05111,"Düsseldorf, Stadt","3,253"
,,05112,"Duisburg, Stadt",323
,,05113,"Essen, Stadt",993
,,05114,"Krefeld, Stadt",128
,,05116,"Mönchengladbach, Stadt",119
,,05117,"Mülheim an der Ruhr, Stadt",168
,,05119,"Oberhausen, Stadt",114
,,05120,"Remscheid, Stadt",38
,,05122,"Solingen, Klingenstadt",104
,,05124,"Wuppertal, Stadt",215
,,05154,Kleve,116
,,05158,Mettmann,655
,,05162,Rhein-Kreis Neuss,503
,,05166,Viersen,209
,,05170,Wesel,326
,,051,Reg.-Bez. Düsseldorf,"7,264"
,,05314,"Bonn, Stadt","2,729"
,,05315,"Köln, Stadt","4,595"
,,05316,"Leverkusen, Stadt",130
,,05334,Städteregion Aachen,456
,,05358,Düren,135
,,05362,Rhein-Erft-Kreis,421
,,05366,Euskirchen,39
,,05370,Heinsberg,52
,,05374,Oberbergischer Kreis,298
,,05378,Rheinisch-Bergischer Kreis,110
,,05382,Rhein-Sieg-Kreis,941
,,053,Reg.-Bez. Köln,"9,906"
,,05512,"Bottrop, Stadt",61
,,05513,"Gelsenkirchen, Stadt",91
,,05515,"Münster, Stadt",392
,,05554,Borken,133
,,05558,Coesfeld,41
,,05562,Recklinghausen,189
,,05566,Steinfurt,205
,,05570,Warendorf,80
,,055,Reg.-Bez. Münster,"1,192"
,,05711,"Bielefeld, Stadt",325
,,05754,Gütersloh,488
,,05758,Herford,85
,,05762,Höxter,37
,,05766,Lippe,178
,,05770,Minden-Lübbecke,159
,,05774,Paderborn,169
,,057,Reg.-Bez. Detmold,"1,441"
,,05911,"Bochum, Stadt",308
,,05913,"Dortmund, Stadt",877
,,05914,"Hagen, Stadt der FernUniversi.",105
,,05915,"Hamm, Stadt",319
,,05916,"Herne, Stadt",55
,,05954,Ennepe-Ruhr-Kreis,119
,,05958,Hochsauerlandkreis,103
,,05962,Märkischer Kreis,188
,,05966,Olpe,31
,,05970,Siegen-Wittgenstein,115
,,05974,Soest,100
,,05978,Unna,190
,,059,Reg.-Bez. Arnsberg,"2,510"
,,05,Nordrhein-Westfalen,"22,313"
,,06411,"Darmstadt, Wissenschaftsstadt",328
,,06412,"Frankfurt am Main, Stadt","6,181"
,,06413,"Offenbach am Main, Stadt",136
,,06414,"Wiesbaden, Landeshauptstadt",617
,,06431,Bergstraße,115
,,06432,Darmstadt-Dieburg,343
,,06433,Groß-Gerau,232
,,06434,Hochtaunuskreis,"1,088"
,,06435,Main-Kinzig-Kreis,547
,,06436,Main-Taunus-Kreis,"1,045"
,,06437,Odenwaldkreis,11
,,06438,Offenbach,741
,,06439,Rheingau-Taunus-Kreis,122
,,06440,Wetteraukreis,165
,,064,Reg.-Bez. Darmstadt,"11,671"
,,06531,Gießen,137
,,06532,Lahn-Dill-Kreis,112
,,06533,Limburg-Weilburg,63
,,06534,Marburg-Biedenkopf,144
,,06535,Vogelsbergkreis,27
,,065,Reg.-Bez. Gießen,483
,,06611,"Kassel, documenta-Stadt",301
,,06631,Fulda,103
,,06632,Hersfeld-Rotenburg,72
,,06633,Kassel,47
,,06634,Schwalm-Eder-Kreis,45
,,06635,Waldeck-Frankenberg,126
,,06636,Werra-Meißner-Kreis,27
,,066,Reg.-Bez. Kassel,721
,,06,Hessen,"12,875"
,,07111,"Koblenz, kreisfreie Stadt",122
,,07131,Ahrweiler,57
,,07132,Altenkirchen (Westerwald),45
,,07133,Bad Kreuznach,57
,,07134,Birkenfeld,52
,,07137,Mayen-Koblenz,70
,,07138,Neuwied,83
,,07140,Rhein-Hunsrück-Kreis,108
,,07141,Rhein-Lahn-Kreis,30
,,07143,Westerwaldkreis,100
,,07211,"Trier, kreisfreie Stadt",60
,,07231,Bernkastel-Wittlich,26
,,07232,Eifelkreis Bitburg-Prüm,17
,,07233,Vulkaneifel,18
,,07235,Trier-Saarburg,12
,,07311,"Frankenthal (Pfalz), kr.f. St.",18
,,07312,"Kaiserslautern, kreisfr. Stadt",69
,,07313,"Landau in der Pfalz, kr.f. St.",102
,,07314,"Ludwigshafen am Rhein, Stadt",141
,,07315,"Mainz, kreisfreie Stadt",808
,,07316,"Neustadt an der Weinstraße,St.",14
,,07317,"Pirmasens, kreisfreie Stadt",10
,,07318,"Speyer, kreisfreie Stadt",25
,,07319,"Worms, kreisfreie Stadt",38
,,07331,Alzey-Worms,21
,,07332,Bad Dürkheim,17
,,07334,Germersheim,25
,,07337,Südliche Weinstraße,21
,,07338,Rhein-Pfalz-Kreis,31
,,07339,Mainz-Bingen,85
,,070,Übrige Kreise (Regierungsbezirk),44
,,070,Rheinland-Pfalz,"2,326"
,,07,Rheinland-Pfalz,"2,326"
,,08111,"Stuttgart, Landeshauptstadt","1,819"
,,08115,Böblingen,277
,,08116,Esslingen,563
,,08117,Göppingen,97
,,08118,Ludwigsburg,545
,,08119,Rems-Murr-Kreis,161
,,08121,"Heilbronn, Stadt",80
,,08125,Heilbronn,206
,,08126,Hohenlohekreis,118
,,08127,Schwäbisch Hall,73
,,08128,Main-Tauber-Kreis,83
,,08135,Heidenheim,42
,,08136,Ostalbkreis,111
,,081,Reg.-Bez. Stuttgart,"4,175"
,,08211,"Baden-Baden, Stadt",75
,,08212,"Karlsruhe, Stadt",613
,,08215,Karlsruhe,269
,,08216,Rastatt,73
,,08221,"Heidelberg, Stadt",394
,,08222,"Mannheim, Universitätsstadt",665
,,08225,Neckar-Odenwald-Kreis,31
,,08226,Rhein-Neckar-Kreis,407
,,08231,"Pforzheim, Stadt",88
,,08235,Calw,41
,,08236,Enzkreis,87
,,08237,Freudenstadt,35
,,082,Reg.-Bez. Karlsruhe,"2,778"
,,08311,"Freiburg im Breisgau, Stadt",335
,,08315,Breisgau-Hochschwarzwald,80
,,08316,Emmendingen,42
,,08317,Ortenaukreis,195
,,08325,Rottweil,29
,,08326,Schwarzwald-Baar-Kreis,121
,,08327,Tuttlingen,49
,,08335,Konstanz,230
,,08336,Lörrach,163
,,08337,Waldshut,55
,,083,Reg.-Bez. Freiburg,"1,299"
,,08415,Reutlingen,129
,,08416,Tübingen,107
,,08417,Zollernalbkreis,69
,,08421,"Ulm, Universitätsstadt",149
,,08425,Alb-Donau-Kreis,131
,,08426,Biberach,59
,,08435,Bodenseekreis,124
,,08436,Ravensburg,89
,,08437,Sigmaringen,20
,,084,Reg.-Bez. Tübingen,877
,,08,Baden-Württemberg,"9,129"
,,09161,"Ingolstadt, Stadt",164
,,09162,"München, Landeshauptstadt","7,832"
,,09163,"Rosenheim, Stadt",70
,,09171,Altötting,24
,,09172,Berchtesgadener Land,61
,,09173,Bad Tölz-Wolfratshausen,44
,,09174,Dachau,69
,,09175,Ebersberg,50
,,09176,Eichstätt,40
,,09177,Erding,116
,,09178,Freising,656
,,09179,Fürstenfeldbruck,106
,,09180,Garmisch-Partenkirchen,18
,,09181,Landsberg am Lech,43
,,09182,Miesbach,89
,,09183,Mühldorf a.Inn,30
,,09184,München,"1,631"
,,09185,Neuburg-Schrobenhausen,27
,,09186,Pfaffenhofen a.d.Ilm,142
,,09187,Rosenheim,183
,,09188,Starnberg,264
,,09189,Traunstein,104
,,09190,Weilheim-Schongau,33
,,091,Oberbayern,"11,796"
,,09261,"Landshut, Stadt",17
,,09262,"Passau, Stadt",83
,,09263,"Straubing, Stadt",15
,,09271,Deggendorf,79
,,09273,Kelheim,21
,,09274,Landshut,23
,,09275,Passau,28
,,09276,Regen,12
,,09277,Rottal-Inn,44
,,09279,Dingolfing-Landau,29
,,092,Übrige Kreise (Regierungsbezirk),17
,,092,Niederbayern,368
,,09361,"Amberg, Stadt",16
,,09362,"Regensburg, Stadt",136
,,09363,"Weiden i.d.OPf., Stadt",37
,,09371,Amberg-Sulzbach,20
,,09372,Cham,23
,,09373,Neumarkt i.d.OPf.,94
,,09374,Neustadt a.d.Waldnaab,10
,,09375,Regensburg,28
,,09376,Schwandorf,36
,,093,Übrige Kreise (Regierungsbezirk),7
,,093,Oberpfalz,407
,,09461,"Bamberg, Stadt",72
,,09462,"Bayreuth, Stadt",134
,,09463,"Coburg, Stadt",151
,,09464,"Hof, Stadt",18
,,09471,Bamberg,73
,,09472,Bayreuth,14
,,09473,Coburg,28
,,09474,Forchheim,23
,,09475,Hof,45
,,09476,Kronach,14
,,09477,Kulmbach,37
,,09478,Lichtenfels,31
,,09479,Wunsiedel i.Fichtelgebirge,25
,,094,Oberfranken,665
,,09561,"Ansbach, Stadt",16
,,09562,"Erlangen, Stadt",393
,,09563,"Fürth, Stadt",88
,,09564,"Nürnberg, Stadt","1,049"
,,09565,"Schwabach, Stadt",43
,,09571,Ansbach,52
,,09572,Erlangen-Höchstadt,268
,,09573,Fürth,29
,,09574,Nürnberger Land,73
,,09575,Neustadt a.d.Aisch-Bad Windsh.,12
,,09576,Roth,49
,,09577,Weißenburg-Gunzenhausen,22
,,095,Mittelfranken,"2,094"
,,09661,"Aschaffenburg, Stadt",52
,,09662,"Schweinfurt, Stadt",18
,,09663,"Würzburg, Stadt",172
,,09671,Aschaffenburg,71
,,09672,Bad Kissingen,21
,,09673,Rhön-Grabfeld,18
,,09674,Haßberge,17
,,09675,Kitzingen,40
,,09676,Miltenberg,57
,,09677,Main-Spessart,32
,,09678,Schweinfurt,32
,,09679,Würzburg,83
,,096,Unterfranken,613
,,09761,"Augsburg, Stadt",189
,,09762,"Kaufbeuren, Stadt",15
,,09763,"Kempten (Allgäu), Stadt",42
,,09764,"Memmingen, Stadt",17
,,09771,Aichach-Friedberg,30
,,09772,Augsburg,74
,,09773,Dillingen a.d.Donau,30
,,09774,Günzburg,22
,,09775,Neu-Ulm,73
,,09776,Lindau (Bodensee),35
,,09777,Ostallgäu,58
,,09778,Unterallgäu,37
,,09779,Donau-Ries,57
,,09780,Oberallgäu,153
,,097,Schwaben,832
,,09,Bayern,"16,775"
,,10041,Regionalverband Saarbrücken,354
,,10042,Merzig-Wadern,61
,,10043,Neunkirchen,15
,,10044,Saarlouis,25
,,10045,Saarpfalz-Kreis,125
,,10046,St. Wendel,38
,,100,Saarland,618
,,10,Saarland,618
,,12051,"Brandenburg an der Havel, St.",571
,,12052,"Cottbus, Stadt",803
,,12053,"Frankfurt (Oder), Stadt","1,076"
,,12054,"Potsdam, Stadt","14,482"
,,12060,Barnim,"7,433"
,,12061,Dahme-Spreewald,"14,646"
,,12062,Elbe-Elster,153
,,12063,Havelland,"5,513"
,,12064,Märkisch-Oderland,"8,745"
,,12065,Oberhavel,"9,822"
,,12066,Oberspreewald-Lausitz,335
,,12067,Oder-Spree,"3,724"
,,12068,Ostprignitz-Ruppin,"1,050"
,,12069,Potsdam-Mittelmark,"8,653"
,,12070,Prignitz,203
,,12071,Spree-Neiße,201
,,12072,Teltow-Fläming,"10,268"
,,12073,Uckermark,596
,,120,Brandenburg,"88,274"
,,12,Brandenburg,"88,274"
,,13003,"Rostock, Hansestadt",452
,,13004,"Schwerin, Landeshauptstadt",247
,,13071,Mecklenburgische Seenplatte,551
,,13072,Landkreis Rostock,253
,,13073,Vorpommern-Rügen,396
,,13074,Nordwestmecklenburg,129
,,13075,Vorpommern-Greifswald,497
,,13076,Ludwigslust-Parchim,136
,,130,Mecklenburg-Vorpommern,"2,661"
,,13,Mecklenburg-Vorpommern,"2,661"
,,14511,"Chemnitz, Stadt",524
,,14521,Erzgebirgskreis,143
,,14522,Mittelsachsen,163
,,14523,Vogtlandkreis,92
,,14524,Zwickau,160
,,14612,"Dresden, Stadt","1,431"
,,14625,Bautzen,366
,,14626,Görlitz,129
,,14627,Meißen,239
,,14628,Sächs. Schweiz-Osterzgebirge,179
,,14713,"Leipzig, Stadt","2,194"
,,14729,Leipzig,163
,,14730,Nordsachsen,236
,,140,Sachsen,"6,019"
,,14,Sachsen,"6,019"
,,15001,"Dessau-Roßlau, Stadt",281
,,15002,"Halle (Saale), Stadt",677
,,15003,"Magdeburg, Landeshauptstadt",604
,,15081,Altmarkkreis Salzwedel,35
,,15082,Anhalt-Bitterfeld,186
,,15083,Börde,132
,,15084,Burgenlandkreis,347
,,15085,Harz,170
,,15086,Jerichower Land,113
,,15087,Mansfeld-Südharz,89
,,15088,Saalekreis,209
,,15089,Salzlandkreis,99
,,15090,Stendal,155
,,15091,Wittenberg,249
,,150,Sachsen-Anhalt,"3,346"
,,15,Sachsen-Anhalt,"3,346"
,,16051,"Erfurt, Stadt",435
,,16052,"Gera, Stadt",121
,,16053,"Jena, Stadt",280
,,16054,"Suhl, Stadt",23
,,16055,"Weimar, Stadt",140
,,16056,"Eisenach, Stadt",34
,,16061,Eichsfeld,48
,,16062,Nordhausen,41
,,16063,Wartburgkreis,59
,,16064,Unstrut-Hainich-Kreis,29
,,16065,Kyffhäuserkreis,21
,,16066,Schmalkalden-Meiningen,83
,,16067,Gotha,59
,,16068,Sömmerda,13
,,16070,Ilm-Kreis,61
,,16071,Weimarer Land,43
,,16072,Sonneberg,15
,,16073,Saalfeld-Rudolstadt,39
,,16074,Saale-Holzland-Kreis,69
,,16075,Saale-Orla-Kreis,13
,,16076,Greiz,52
,,16077,Altenburger Land,52
,,160,Übrige Kreise (Regierungsbezirk),7
,,160,Thüringen,"1,737"
,,16,Thüringen,"1,737"
,,ZZ,Auspendler in das Bundesgebiet,"187,147"
,,Z,Auspendler insgesamt,"187,147"
