﻿12051,"Brandenburg an der Havel, St.",,,
,,01003,"Lübeck, Hansestadt",18
,,01058,Rendsburg-Eckernförde,18
,,01062,Stormarn,11
,,010,Übrige Kreise (Regierungsbezirk),29
,,010,Schleswig-Holstein,76
,,01,Schleswig-Holstein,76
,,02000,"Hamburg, Freie und Hansestadt",61
,,020,Hamburg,61
,,02,Hamburg,61
,,03101,"Braunschweig, Stadt",11
,,03103,"Wolfsburg, Stadt",11
,,031,Übrige Kreise (Regierungsbezirk),17
,,031,Statistische Region Braunschweig,39
,,03241,Region Hannover,37
,,032,Übrige Kreise (Regierungsbezirk),11
,,032,Statistische Region Hannover,48
,,033,Statistische Region Lüneburg,22
,,03451,Ammerland,13
,,03459,Osnabrück,10
,,03462,Wittmund,10
,,034,Übrige Kreise (Regierungsbezirk),32
,,034,Statistische Region Weser-Ems,65
,,03,Niedersachsen,174
,,04011,"Bremen, Stadt",10
,,040,Übrige Kreise (Regierungsbezirk),*
,,040,Bremen,11
,,04,Bremen,11
,,05111,"Düsseldorf, Stadt",21
,,05119,"Oberhausen, Stadt",19
,,05158,Mettmann,10
,,051,Übrige Kreise (Regierungsbezirk),28
,,051,Reg.-Bez. Düsseldorf,78
,,05315,"Köln, Stadt",15
,,05362,Rhein-Erft-Kreis,10
,,053,Übrige Kreise (Regierungsbezirk),23
,,053,Reg.-Bez. Köln,48
,,055,Reg.-Bez. Münster,26
,,05754,Gütersloh,12
,,057,Übrige Kreise (Regierungsbezirk),23
,,057,Reg.-Bez. Detmold,35
,,059,Reg.-Bez. Arnsberg,24
,,05,Nordrhein-Westfalen,211
,,06412,"Frankfurt am Main, Stadt",24
,,06434,Hochtaunuskreis,18
,,064,Übrige Kreise (Regierungsbezirk),40
,,064,Reg.-Bez. Darmstadt,82
,,066,Reg.-Bez. Kassel,19
,,06,Übrige Regierungsbezirke (Bundesland),6
,,06,Hessen,107
,,07315,"Mainz, kreisfreie Stadt",10
,,070,Übrige Kreise (Regierungsbezirk),24
,,070,Rheinland-Pfalz,34
,,07,Rheinland-Pfalz,34
,,08111,"Stuttgart, Landeshauptstadt",15
,,081,Übrige Kreise (Regierungsbezirk),32
,,081,Reg.-Bez. Stuttgart,47
,,08212,"Karlsruhe, Stadt",10
,,08231,"Pforzheim, Stadt",10
,,082,Übrige Kreise (Regierungsbezirk),21
,,082,Reg.-Bez. Karlsruhe,41
,,084,Reg.-Bez. Tübingen,16
,,08,Übrige Regierungsbezirke (Bundesland),9
,,08,Baden-Württemberg,113
,,09162,"München, Landeshauptstadt",48
,,09184,München,21
,,091,Übrige Kreise (Regierungsbezirk),33
,,091,Oberbayern,102
,,095,Mittelfranken,15
,,097,Schwaben,12
,,09,Übrige Regierungsbezirke (Bundesland),19
,,09,Bayern,148
,,11000,"Berlin, Stadt","2,074"
,,110,Berlin,"2,074"
,,11,Berlin,"2,074"
,,12052,"Cottbus, Stadt",21
,,12053,"Frankfurt (Oder), Stadt",46
,,12054,"Potsdam, Stadt","1,968"
,,12060,Barnim,19
,,12061,Dahme-Spreewald,95
,,12063,Havelland,989
,,12064,Märkisch-Oderland,51
,,12065,Oberhavel,59
,,12067,Oder-Spree,45
,,12068,Ostprignitz-Ruppin,101
,,12069,Potsdam-Mittelmark,"2,496"
,,12070,Prignitz,12
,,12072,Teltow-Fläming,202
,,12073,Uckermark,10
,,120,Übrige Kreise (Regierungsbezirk),12
,,120,Brandenburg,"6,126"
,,12,Brandenburg,"6,126"
,,13003,"Rostock, Hansestadt",11
,,13071,Mecklenburgische Seenplatte,11
,,130,Übrige Kreise (Regierungsbezirk),29
,,130,Mecklenburg-Vorpommern,51
,,13,Mecklenburg-Vorpommern,51
,,14511,"Chemnitz, Stadt",13
,,14612,"Dresden, Stadt",26
,,14627,Meißen,11
,,14713,"Leipzig, Stadt",58
,,140,Übrige Kreise (Regierungsbezirk),25
,,140,Sachsen,133
,,14,Sachsen,133
,,15002,"Halle (Saale), Stadt",12
,,15003,"Magdeburg, Landeshauptstadt",136
,,15083,Börde,14
,,15086,Jerichower Land,218
,,15088,Saalekreis,10
,,15090,Stendal,61
,,15091,Wittenberg,19
,,150,Übrige Kreise (Regierungsbezirk),24
,,150,Sachsen-Anhalt,494
,,15,Sachsen-Anhalt,494
,,160,Thüringen,44
,,16,Thüringen,44
,,ZZ,Übrige Bundesländer,3
,,ZZ,Auspendler in das Bundesgebiet,"9,860"
,,Z,Auspendler insgesamt,"9,860"
12052,"Cottbus, Stadt",,,
,,01054,Nordfriesland,24
,,010,Übrige Kreise (Regierungsbezirk),44
,,010,Schleswig-Holstein,68
,,01,Schleswig-Holstein,68
,,02000,"Hamburg, Freie und Hansestadt",87
,,020,Hamburg,87
,,02,Hamburg,87
,,03103,"Wolfsburg, Stadt",13
,,031,Übrige Kreise (Regierungsbezirk),23
,,031,Statistische Region Braunschweig,36
,,03241,Region Hannover,34
,,032,Übrige Kreise (Regierungsbezirk),8
,,032,Statistische Region Hannover,42
,,03351,Celle,11
,,033,Übrige Kreise (Regierungsbezirk),26
,,033,Statistische Region Lüneburg,37
,,03454,Emsland,13
,,03459,Osnabrück,12
,,034,Übrige Kreise (Regierungsbezirk),38
,,034,Statistische Region Weser-Ems,63
,,03,Niedersachsen,178
,,04011,"Bremen, Stadt",19
,,040,Bremen,19
,,04,Bremen,19
,,05111,"Düsseldorf, Stadt",23
,,05112,"Duisburg, Stadt",11
,,05113,"Essen, Stadt",15
,,05158,Mettmann,11
,,05170,Wesel,11
,,051,Übrige Kreise (Regierungsbezirk),34
,,051,Reg.-Bez. Düsseldorf,105
,,05314,"Bonn, Stadt",15
,,05315,"Köln, Stadt",54
,,05382,Rhein-Sieg-Kreis,18
,,053,Übrige Kreise (Regierungsbezirk),33
,,053,Reg.-Bez. Köln,120
,,05562,Recklinghausen,13
,,055,Übrige Kreise (Regierungsbezirk),28
,,055,Reg.-Bez. Münster,41
,,05754,Gütersloh,15
,,057,Übrige Kreise (Regierungsbezirk),17
,,057,Reg.-Bez. Detmold,32
,,059,Reg.-Bez. Arnsberg,24
,,05,Nordrhein-Westfalen,322
,,06412,"Frankfurt am Main, Stadt",49
,,06438,Offenbach,23
,,064,Übrige Kreise (Regierungsbezirk),46
,,064,Reg.-Bez. Darmstadt,118
,,06631,Fulda,10
,,066,Übrige Kreise (Regierungsbezirk),13
,,066,Reg.-Bez. Kassel,23
,,06,Übrige Regierungsbezirke (Bundesland),6
,,06,Hessen,147
,,070,Rheinland-Pfalz,65
,,07,Rheinland-Pfalz,65
,,08111,"Stuttgart, Landeshauptstadt",32
,,08115,Böblingen,10
,,08116,Esslingen,35
,,08118,Ludwigsburg,10
,,08125,Heilbronn,10
,,081,Übrige Kreise (Regierungsbezirk),33
,,081,Reg.-Bez. Stuttgart,130
,,08215,Karlsruhe,15
,,08222,"Mannheim, Universitätsstadt",35
,,082,Übrige Kreise (Regierungsbezirk),30
,,082,Reg.-Bez. Karlsruhe,80
,,083,Reg.-Bez. Freiburg,21
,,08426,Biberach,17
,,084,Übrige Kreise (Regierungsbezirk),26
,,084,Reg.-Bez. Tübingen,43
,,08,Baden-Württemberg,274
,,09162,"München, Landeshauptstadt",71
,,09184,München,32
,,091,Übrige Kreise (Regierungsbezirk),60
,,091,Oberbayern,163
,,092,Niederbayern,20
,,093,Oberpfalz,15
,,094,Oberfranken,14
,,09564,"Nürnberg, Stadt",29
,,095,Übrige Kreise (Regierungsbezirk),21
,,095,Mittelfranken,50
,,096,Unterfranken,20
,,097,Schwaben,26
,,09,Bayern,308
,,10041,Regionalverband Saarbrücken,13
,,100,Übrige Kreise (Regierungsbezirk),5
,,100,Saarland,18
,,10,Saarland,18
,,11000,"Berlin, Stadt","1,518"
,,110,Berlin,"1,518"
,,11,Berlin,"1,518"
,,12051,"Brandenburg an der Havel, St.",34
,,12053,"Frankfurt (Oder), Stadt",242
,,12054,"Potsdam, Stadt",310
,,12060,Barnim,55
,,12061,Dahme-Spreewald,562
,,12062,Elbe-Elster,184
,,12063,Havelland,11
,,12064,Märkisch-Oderland,51
,,12065,Oberhavel,45
,,12066,Oberspreewald-Lausitz,"1,724"
,,12067,Oder-Spree,193
,,12068,Ostprignitz-Ruppin,45
,,12069,Potsdam-Mittelmark,80
,,12071,Spree-Neiße,"5,032"
,,12072,Teltow-Fläming,148
,,120,Übrige Kreise (Regierungsbezirk),13
,,120,Brandenburg,"8,729"
,,12,Brandenburg,"8,729"
,,13003,"Rostock, Hansestadt",13
,,13071,Mecklenburgische Seenplatte,11
,,130,Übrige Kreise (Regierungsbezirk),44
,,130,Mecklenburg-Vorpommern,68
,,13,Mecklenburg-Vorpommern,68
,,14511,"Chemnitz, Stadt",35
,,14522,Mittelsachsen,15
,,14524,Zwickau,38
,,14612,"Dresden, Stadt",273
,,14625,Bautzen,260
,,14626,Görlitz,163
,,14627,Meißen,52
,,14628,Sächs. Schweiz-Osterzgebirge,51
,,14713,"Leipzig, Stadt",178
,,14729,Leipzig,31
,,14730,Nordsachsen,11
,,140,Übrige Kreise (Regierungsbezirk),10
,,140,Sachsen,"1,117"
,,14,Sachsen,"1,117"
,,15002,"Halle (Saale), Stadt",37
,,15003,"Magdeburg, Landeshauptstadt",24
,,15086,Jerichower Land,18
,,15088,Saalekreis,41
,,15091,Wittenberg,12
,,150,Übrige Kreise (Regierungsbezirk),41
,,150,Sachsen-Anhalt,173
,,15,Sachsen-Anhalt,173
,,16051,"Erfurt, Stadt",19
,,160,Übrige Kreise (Regierungsbezirk),64
,,160,Thüringen,83
,,16,Thüringen,83
,,ZZ,Auspendler in das Bundesgebiet,"13,174"
,,Z,Auspendler insgesamt,"13,174"
12053,"Frankfurt (Oder), Stadt",,,
,,010,Schleswig-Holstein,23
,,01,Schleswig-Holstein,23
,,02000,"Hamburg, Freie und Hansestadt",52
,,020,Hamburg,52
,,02,Hamburg,52
,,031,Statistische Region Braunschweig,15
,,03241,Region Hannover,21
,,032,Übrige Kreise (Regierungsbezirk),7
,,032,Statistische Region Hannover,28
,,033,Statistische Region Lüneburg,13
,,034,Statistische Region Weser-Ems,31
,,03,Niedersachsen,87
,,04011,"Bremen, Stadt",10
,,040,Übrige Kreise (Regierungsbezirk),*
,,040,Bremen,11
,,04,Bremen,11
,,05111,"Düsseldorf, Stadt",13
,,05154,Kleve,18
,,051,Übrige Kreise (Regierungsbezirk),33
,,051,Reg.-Bez. Düsseldorf,64
,,05315,"Köln, Stadt",14
,,053,Übrige Kreise (Regierungsbezirk),33
,,053,Reg.-Bez. Köln,47
,,055,Reg.-Bez. Münster,14
,,057,Reg.-Bez. Detmold,19
,,059,Reg.-Bez. Arnsberg,27
,,05,Nordrhein-Westfalen,171
,,06412,"Frankfurt am Main, Stadt",53
,,06434,Hochtaunuskreis,11
,,06438,Offenbach,15
,,064,Übrige Kreise (Regierungsbezirk),21
,,064,Reg.-Bez. Darmstadt,100
,,06,Übrige Regierungsbezirke (Bundesland),15
,,06,Hessen,115
,,070,Rheinland-Pfalz,18
,,07,Rheinland-Pfalz,18
,,081,Reg.-Bez. Stuttgart,31
,,082,Reg.-Bez. Karlsruhe,28
,,083,Reg.-Bez. Freiburg,10
,,084,Reg.-Bez. Tübingen,19
,,08,Baden-Württemberg,88
,,09162,"München, Landeshauptstadt",20
,,091,Übrige Kreise (Regierungsbezirk),22
,,091,Oberbayern,42
,,09564,"Nürnberg, Stadt",25
,,095,Übrige Kreise (Regierungsbezirk),6
,,095,Mittelfranken,31
,,097,Schwaben,12
,,09,Übrige Regierungsbezirke (Bundesland),19
,,09,Bayern,104
,,11000,"Berlin, Stadt","1,605"
,,110,Berlin,"1,605"
,,11,Berlin,"1,605"
,,12051,"Brandenburg an der Havel, St.",34
,,12052,"Cottbus, Stadt",109
,,12054,"Potsdam, Stadt",241
,,12060,Barnim,61
,,12061,Dahme-Spreewald,147
,,12062,Elbe-Elster,16
,,12063,Havelland,24
,,12064,Märkisch-Oderland,585
,,12065,Oberhavel,28
,,12066,Oberspreewald-Lausitz,15
,,12067,Oder-Spree,"2,657"
,,12068,Ostprignitz-Ruppin,21
,,12069,Potsdam-Mittelmark,65
,,12071,Spree-Neiße,94
,,12072,Teltow-Fläming,162
,,12073,Uckermark,18
,,120,Übrige Kreise (Regierungsbezirk),3
,,120,Brandenburg,"4,280"
,,12,Brandenburg,"4,280"
,,13075,Vorpommern-Greifswald,17
,,130,Übrige Kreise (Regierungsbezirk),29
,,130,Mecklenburg-Vorpommern,46
,,13,Mecklenburg-Vorpommern,46
,,14612,"Dresden, Stadt",47
,,14625,Bautzen,10
,,14713,"Leipzig, Stadt",43
,,140,Übrige Kreise (Regierungsbezirk),45
,,140,Sachsen,145
,,14,Sachsen,145
,,15002,"Halle (Saale), Stadt",10
,,15082,Anhalt-Bitterfeld,10
,,15084,Burgenlandkreis,27
,,150,Übrige Kreise (Regierungsbezirk),26
,,150,Sachsen-Anhalt,73
,,15,Sachsen-Anhalt,73
,,160,Thüringen,32
,,16,Thüringen,32
,,ZZ,Übrige Bundesländer,4
,,ZZ,Auspendler in das Bundesgebiet,"6,854"
,,Z,Auspendler insgesamt,"6,854"
12054,"Potsdam, Stadt",,,
,,01002,"Kiel, Landeshauptstadt",21
,,01003,"Lübeck, Hansestadt",26
,,01004,"Neumünster, Stadt",39
,,01060,Segeberg,22
,,01061,Steinburg,20
,,01062,Stormarn,14
,,010,Übrige Kreise (Regierungsbezirk),38
,,010,Schleswig-Holstein,180
,,01,Schleswig-Holstein,180
,,02000,"Hamburg, Freie und Hansestadt",311
,,020,Hamburg,311
,,02,Hamburg,311
,,03101,"Braunschweig, Stadt",74
,,03103,"Wolfsburg, Stadt",49
,,03159,Göttingen,31
,,031,Übrige Kreise (Regierungsbezirk),17
,,031,Statistische Region Braunschweig,171
,,03241,Region Hannover,122
,,03254,Hildesheim,10
,,032,Übrige Kreise (Regierungsbezirk),21
,,032,Statistische Region Hannover,153
,,03353,Harburg,12
,,03359,Stade,16
,,033,Übrige Kreise (Regierungsbezirk),26
,,033,Statistische Region Lüneburg,54
,,03404,"Osnabrück, Stadt",13
,,03454,Emsland,11
,,03459,Osnabrück,10
,,034,Übrige Kreise (Regierungsbezirk),45
,,034,Statistische Region Weser-Ems,79
,,03,Niedersachsen,457
,,04011,"Bremen, Stadt",41
,,040,Übrige Kreise (Regierungsbezirk),6
,,040,Bremen,47
,,04,Bremen,47
,,05111,"Düsseldorf, Stadt",84
,,05112,"Duisburg, Stadt",19
,,05113,"Essen, Stadt",42
,,05114,"Krefeld, Stadt",10
,,05158,Mettmann,26
,,05162,Rhein-Kreis Neuss,17
,,05166,Viersen,14
,,05170,Wesel,11
,,051,Übrige Kreise (Regierungsbezirk),36
,,051,Reg.-Bez. Düsseldorf,259
,,05314,"Bonn, Stadt",70
,,05315,"Köln, Stadt",181
,,05334,Städteregion Aachen,10
,,05362,Rhein-Erft-Kreis,21
,,05374,Oberbergischer Kreis,22
,,05382,Rhein-Sieg-Kreis,35
,,053,Übrige Kreise (Regierungsbezirk),19
,,053,Reg.-Bez. Köln,358
,,05515,"Münster, Stadt",22
,,05562,Recklinghausen,14
,,05566,Steinfurt,13
,,055,Übrige Kreise (Regierungsbezirk),24
,,055,Reg.-Bez. Münster,73
,,05754,Gütersloh,23
,,05766,Lippe,10
,,05770,Minden-Lübbecke,11
,,057,Übrige Kreise (Regierungsbezirk),18
,,057,Reg.-Bez. Detmold,62
,,05911,"Bochum, Stadt",12
,,05913,"Dortmund, Stadt",31
,,05915,"Hamm, Stadt",10
,,059,Übrige Kreise (Regierungsbezirk),46
,,059,Reg.-Bez. Arnsberg,99
,,05,Nordrhein-Westfalen,851
,,06411,"Darmstadt, Wissenschaftsstadt",20
,,06412,"Frankfurt am Main, Stadt",196
,,06414,"Wiesbaden, Landeshauptstadt",32
,,06433,Groß-Gerau,12
,,06434,Hochtaunuskreis,39
,,06435,Main-Kinzig-Kreis,11
,,06436,Main-Taunus-Kreis,39
,,06438,Offenbach,29
,,064,Übrige Kreise (Regierungsbezirk),26
,,064,Reg.-Bez. Darmstadt,404
,,065,Reg.-Bez. Gießen,19
,,06611,"Kassel, documenta-Stadt",10
,,066,Übrige Kreise (Regierungsbezirk),29
,,066,Reg.-Bez. Kassel,39
,,06,Hessen,462
,,07111,"Koblenz, kreisfreie Stadt",11
,,07315,"Mainz, kreisfreie Stadt",34
,,070,Übrige Kreise (Regierungsbezirk),64
,,070,Rheinland-Pfalz,109
,,07,Rheinland-Pfalz,109
,,08111,"Stuttgart, Landeshauptstadt",73
,,08115,Böblingen,12
,,08116,Esslingen,16
,,08118,Ludwigsburg,20
,,08125,Heilbronn,14
,,081,Übrige Kreise (Regierungsbezirk),44
,,081,Reg.-Bez. Stuttgart,179
,,08212,"Karlsruhe, Stadt",11
,,08215,Karlsruhe,13
,,08221,"Heidelberg, Stadt",19
,,08222,"Mannheim, Universitätsstadt",30
,,08226,Rhein-Neckar-Kreis,21
,,082,Übrige Kreise (Regierungsbezirk),21
,,082,Reg.-Bez. Karlsruhe,115
,,08311,"Freiburg im Breisgau, Stadt",18
,,08316,Emmendingen,11
,,08317,Ortenaukreis,10
,,083,Übrige Kreise (Regierungsbezirk),28
,,083,Reg.-Bez. Freiburg,67
,,08416,Tübingen,10
,,08435,Bodenseekreis,30
,,08436,Ravensburg,11
,,084,Übrige Kreise (Regierungsbezirk),29
,,084,Reg.-Bez. Tübingen,80
,,08,Baden-Württemberg,441
,,09162,"München, Landeshauptstadt",235
,,09178,Freising,16
,,09184,München,66
,,09186,Pfaffenhofen a.d.Ilm,10
,,091,Übrige Kreise (Regierungsbezirk),58
,,091,Oberbayern,385
,,092,Niederbayern,19
,,093,Oberpfalz,19
,,094,Oberfranken,23
,,09562,"Erlangen, Stadt",15
,,09564,"Nürnberg, Stadt",43
,,09572,Erlangen-Höchstadt,12
,,095,Übrige Kreise (Regierungsbezirk),30
,,095,Mittelfranken,100
,,096,Unterfranken,23
,,097,Schwaben,34
,,09,Bayern,603
,,100,Saarland,17
,,10,Saarland,17
,,11000,"Berlin, Stadt","19,138"
,,110,Berlin,"19,138"
,,11,Berlin,"19,138"
,,12051,"Brandenburg an der Havel, St.",492
,,12052,"Cottbus, Stadt",83
,,12053,"Frankfurt (Oder), Stadt",120
,,12060,Barnim,135
,,12061,Dahme-Spreewald,407
,,12062,Elbe-Elster,17
,,12063,Havelland,"1,128"
,,12064,Märkisch-Oderland,107
,,12065,Oberhavel,334
,,12066,Oberspreewald-Lausitz,28
,,12067,Oder-Spree,121
,,12068,Ostprignitz-Ruppin,111
,,12069,Potsdam-Mittelmark,"6,568"
,,12071,Spree-Neiße,20
,,12072,Teltow-Fläming,"1,951"
,,12073,Uckermark,23
,,120,Übrige Kreise (Regierungsbezirk),9
,,120,Brandenburg,"11,654"
,,12,Brandenburg,"11,654"
,,13003,"Rostock, Hansestadt",26
,,13004,"Schwerin, Landeshauptstadt",11
,,13071,Mecklenburgische Seenplatte,47
,,13072,Landkreis Rostock,19
,,13073,Vorpommern-Rügen,26
,,13075,Vorpommern-Greifswald,33
,,13076,Ludwigslust-Parchim,12
,,130,Übrige Kreise (Regierungsbezirk),9
,,130,Mecklenburg-Vorpommern,183
,,13,Mecklenburg-Vorpommern,183
,,14511,"Chemnitz, Stadt",18
,,14521,Erzgebirgskreis,199
,,14522,Mittelsachsen,10
,,14612,"Dresden, Stadt",133
,,14625,Bautzen,35
,,14627,Meißen,39
,,14628,Sächs. Schweiz-Osterzgebirge,17
,,14713,"Leipzig, Stadt",158
,,14729,Leipzig,17
,,14730,Nordsachsen,23
,,140,Übrige Kreise (Regierungsbezirk),22
,,140,Sachsen,671
,,14,Sachsen,671
,,15001,"Dessau-Roßlau, Stadt",31
,,15002,"Halle (Saale), Stadt",44
,,15003,"Magdeburg, Landeshauptstadt",116
,,15082,Anhalt-Bitterfeld,12
,,15083,Börde,15
,,15086,Jerichower Land,17
,,15088,Saalekreis,19
,,15090,Stendal,15
,,15091,Wittenberg,29
,,150,Übrige Kreise (Regierungsbezirk),30
,,150,Sachsen-Anhalt,328
,,15,Sachsen-Anhalt,328
,,16051,"Erfurt, Stadt",29
,,16052,"Gera, Stadt",10
,,16053,"Jena, Stadt",19
,,160,Übrige Kreise (Regierungsbezirk),47
,,160,Thüringen,105
,,16,Thüringen,105
,,ZZ,Auspendler in das Bundesgebiet,"35,557"
,,Z,Auspendler insgesamt,"35,557"
12060,Barnim,,,
,,01002,"Kiel, Landeshauptstadt",11
,,01003,"Lübeck, Hansestadt",12
,,01004,"Neumünster, Stadt",19
,,01054,Nordfriesland,16
,,01056,Pinneberg,17
,,01058,Rendsburg-Eckernförde,34
,,01060,Segeberg,20
,,01062,Stormarn,35
,,010,Übrige Kreise (Regierungsbezirk),42
,,010,Schleswig-Holstein,206
,,01,Schleswig-Holstein,206
,,02000,"Hamburg, Freie und Hansestadt",275
,,020,Hamburg,275
,,02,Hamburg,275
,,03101,"Braunschweig, Stadt",15
,,03103,"Wolfsburg, Stadt",18
,,03159,Göttingen,18
,,031,Übrige Kreise (Regierungsbezirk),24
,,031,Statistische Region Braunschweig,75
,,03241,Region Hannover,89
,,032,Übrige Kreise (Regierungsbezirk),24
,,032,Statistische Region Hannover,113
,,03353,Harburg,27
,,033,Übrige Kreise (Regierungsbezirk),49
,,033,Statistische Region Lüneburg,76
,,03403,"Oldenburg (Oldenburg), Stadt",10
,,03452,Aurich,28
,,03453,Cloppenburg,10
,,03454,Emsland,11
,,03459,Osnabrück,56
,,03460,Vechta,24
,,03462,Wittmund,42
,,034,Übrige Kreise (Regierungsbezirk),24
,,034,Statistische Region Weser-Ems,205
,,03,Niedersachsen,469
,,04011,"Bremen, Stadt",31
,,040,Übrige Kreise (Regierungsbezirk),5
,,040,Bremen,36
,,04,Bremen,36
,,05111,"Düsseldorf, Stadt",74
,,05112,"Duisburg, Stadt",21
,,05113,"Essen, Stadt",36
,,05117,"Mülheim an der Ruhr, Stadt",18
,,05122,"Solingen, Klingenstadt",11
,,05158,Mettmann,27
,,05162,Rhein-Kreis Neuss,13
,,05170,Wesel,17
,,051,Übrige Kreise (Regierungsbezirk),33
,,051,Reg.-Bez. Düsseldorf,250
,,05314,"Bonn, Stadt",40
,,05315,"Köln, Stadt",108
,,05362,Rhein-Erft-Kreis,19
,,05382,Rhein-Sieg-Kreis,26
,,053,Übrige Kreise (Regierungsbezirk),33
,,053,Reg.-Bez. Köln,226
,,05515,"Münster, Stadt",11
,,05562,Recklinghausen,14
,,05566,Steinfurt,17
,,055,Übrige Kreise (Regierungsbezirk),29
,,055,Reg.-Bez. Münster,71
,,05754,Gütersloh,22
,,05774,Paderborn,30
,,057,Übrige Kreise (Regierungsbezirk),19
,,057,Reg.-Bez. Detmold,71
,,05911,"Bochum, Stadt",12
,,05913,"Dortmund, Stadt",20
,,05915,"Hamm, Stadt",95
,,05978,Unna,10
,,059,Übrige Kreise (Regierungsbezirk),39
,,059,Reg.-Bez. Arnsberg,176
,,05,Nordrhein-Westfalen,794
,,06412,"Frankfurt am Main, Stadt",93
,,06414,"Wiesbaden, Landeshauptstadt",17
,,06433,Groß-Gerau,12
,,06434,Hochtaunuskreis,19
,,06435,Main-Kinzig-Kreis,24
,,06436,Main-Taunus-Kreis,32
,,06438,Offenbach,37
,,064,Übrige Kreise (Regierungsbezirk),41
,,064,Reg.-Bez. Darmstadt,275
,,065,Reg.-Bez. Gießen,19
,,06632,Hersfeld-Rotenburg,10
,,066,Übrige Kreise (Regierungsbezirk),19
,,066,Reg.-Bez. Kassel,29
,,06,Hessen,323
,,07315,"Mainz, kreisfreie Stadt",17
,,070,Übrige Kreise (Regierungsbezirk),47
,,070,Rheinland-Pfalz,64
,,07,Rheinland-Pfalz,64
,,08111,"Stuttgart, Landeshauptstadt",64
,,08116,Esslingen,20
,,08118,Ludwigsburg,31
,,08125,Heilbronn,11
,,08126,Hohenlohekreis,13
,,081,Übrige Kreise (Regierungsbezirk),42
,,081,Reg.-Bez. Stuttgart,181
,,08212,"Karlsruhe, Stadt",16
,,08215,Karlsruhe,11
,,08221,"Heidelberg, Stadt",10
,,08222,"Mannheim, Universitätsstadt",29
,,08226,Rhein-Neckar-Kreis,13
,,082,Übrige Kreise (Regierungsbezirk),21
,,082,Reg.-Bez. Karlsruhe,100
,,083,Reg.-Bez. Freiburg,36
,,084,Reg.-Bez. Tübingen,29
,,08,Baden-Württemberg,346
,,09162,"München, Landeshauptstadt",146
,,09178,Freising,19
,,09184,München,53
,,091,Übrige Kreise (Regierungsbezirk),73
,,091,Oberbayern,291
,,092,Niederbayern,24
,,093,Oberpfalz,20
,,09463,"Coburg, Stadt",17
,,094,Übrige Kreise (Regierungsbezirk),12
,,094,Oberfranken,29
,,09562,"Erlangen, Stadt",13
,,09564,"Nürnberg, Stadt",39
,,095,Übrige Kreise (Regierungsbezirk),20
,,095,Mittelfranken,72
,,096,Unterfranken,22
,,09761,"Augsburg, Stadt",14
,,097,Übrige Kreise (Regierungsbezirk),23
,,097,Schwaben,37
,,09,Bayern,495
,,10041,Regionalverband Saarbrücken,13
,,100,Übrige Kreise (Regierungsbezirk),16
,,100,Saarland,29
,,10,Saarland,29
,,11000,"Berlin, Stadt","29,658"
,,110,Berlin,"29,658"
,,11,Berlin,"29,658"
,,12051,"Brandenburg an der Havel, St.",52
,,12052,"Cottbus, Stadt",49
,,12053,"Frankfurt (Oder), Stadt",206
,,12054,"Potsdam, Stadt",508
,,12061,Dahme-Spreewald,412
,,12062,Elbe-Elster,34
,,12063,Havelland,167
,,12064,Märkisch-Oderland,"2,075"
,,12065,Oberhavel,"1,720"
,,12066,Oberspreewald-Lausitz,27
,,12067,Oder-Spree,312
,,12068,Ostprignitz-Ruppin,86
,,12069,Potsdam-Mittelmark,266
,,12070,Prignitz,20
,,12071,Spree-Neiße,17
,,12072,Teltow-Fläming,312
,,12073,Uckermark,"1,340"
,,120,Brandenburg,"7,603"
,,12,Brandenburg,"7,603"
,,13003,"Rostock, Hansestadt",41
,,13004,"Schwerin, Landeshauptstadt",11
,,13071,Mecklenburgische Seenplatte,91
,,13072,Landkreis Rostock,21
,,13073,Vorpommern-Rügen,30
,,13075,Vorpommern-Greifswald,79
,,13076,Ludwigslust-Parchim,16
,,130,Übrige Kreise (Regierungsbezirk),9
,,130,Mecklenburg-Vorpommern,298
,,13,Mecklenburg-Vorpommern,298
,,14511,"Chemnitz, Stadt",21
,,14521,Erzgebirgskreis,10
,,14522,Mittelsachsen,13
,,14523,Vogtlandkreis,14
,,14524,Zwickau,21
,,14612,"Dresden, Stadt",98
,,14625,Bautzen,21
,,14627,Meißen,27
,,14628,Sächs. Schweiz-Osterzgebirge,18
,,14713,"Leipzig, Stadt",97
,,14729,Leipzig,27
,,14730,Nordsachsen,14
,,140,Übrige Kreise (Regierungsbezirk),4
,,140,Sachsen,385
,,14,Sachsen,385
,,15001,"Dessau-Roßlau, Stadt",24
,,15002,"Halle (Saale), Stadt",26
,,15003,"Magdeburg, Landeshauptstadt",51
,,15082,Anhalt-Bitterfeld,16
,,15083,Börde,19
,,15085,Harz,17
,,15086,Jerichower Land,23
,,15088,Saalekreis,30
,,15090,Stendal,13
,,15091,Wittenberg,17
,,150,Übrige Kreise (Regierungsbezirk),22
,,150,Sachsen-Anhalt,258
,,15,Sachsen-Anhalt,258
,,16051,"Erfurt, Stadt",13
,,16053,"Jena, Stadt",27
,,160,Übrige Kreise (Regierungsbezirk),67
,,160,Thüringen,107
,,16,Thüringen,107
,,ZZ,Auspendler in das Bundesgebiet,"41,346"
,,Z,Auspendler insgesamt,"41,346"
12061,Dahme-Spreewald,,,
,,01004,"Neumünster, Stadt",26
,,01054,Nordfriesland,10
,,01056,Pinneberg,13
,,01058,Rendsburg-Eckernförde,14
,,01060,Segeberg,10
,,01062,Stormarn,12
,,010,Übrige Kreise (Regierungsbezirk),42
,,010,Schleswig-Holstein,127
,,01,Schleswig-Holstein,127
,,02000,"Hamburg, Freie und Hansestadt",235
,,020,Hamburg,235
,,02,Hamburg,235
,,03101,"Braunschweig, Stadt",11
,,03103,"Wolfsburg, Stadt",20
,,031,Übrige Kreise (Regierungsbezirk),35
,,031,Statistische Region Braunschweig,66
,,03241,Region Hannover,92
,,03257,Schaumburg,15
,,032,Übrige Kreise (Regierungsbezirk),13
,,032,Statistische Region Hannover,120
,,03353,Harburg,34
,,03357,Rotenburg (Wümme),10
,,03361,Verden,13
,,033,Übrige Kreise (Regierungsbezirk),27
,,033,Statistische Region Lüneburg,84
,,03453,Cloppenburg,12
,,03454,Emsland,16
,,03459,Osnabrück,33
,,03460,Vechta,11
,,034,Übrige Kreise (Regierungsbezirk),46
,,034,Statistische Region Weser-Ems,118
,,03,Niedersachsen,388
,,04011,"Bremen, Stadt",30
,,040,Übrige Kreise (Regierungsbezirk),4
,,040,Bremen,34
,,04,Bremen,34
,,05111,"Düsseldorf, Stadt",64
,,05112,"Duisburg, Stadt",20
,,05113,"Essen, Stadt",50
,,05116,"Mönchengladbach, Stadt",10
,,05158,Mettmann,28
,,05162,Rhein-Kreis Neuss,13
,,05166,Viersen,39
,,05170,Wesel,20
,,051,Übrige Kreise (Regierungsbezirk),38
,,051,Reg.-Bez. Düsseldorf,282
,,05314,"Bonn, Stadt",24
,,05315,"Köln, Stadt",106
,,05316,"Leverkusen, Stadt",11
,,05334,Städteregion Aachen,19
,,05362,Rhein-Erft-Kreis,11
,,05374,Oberbergischer Kreis,13
,,05382,Rhein-Sieg-Kreis,29
,,053,Übrige Kreise (Regierungsbezirk),18
,,053,Reg.-Bez. Köln,231
,,05562,Recklinghausen,409
,,05566,Steinfurt,13
,,05570,Warendorf,37
,,055,Übrige Kreise (Regierungsbezirk),18
,,055,Reg.-Bez. Münster,477
,,05711,"Bielefeld, Stadt",18
,,05754,Gütersloh,28
,,05758,Herford,11
,,05770,Minden-Lübbecke,12
,,057,Übrige Kreise (Regierungsbezirk),12
,,057,Reg.-Bez. Detmold,81
,,05913,"Dortmund, Stadt",33
,,05915,"Hamm, Stadt",10
,,059,Übrige Kreise (Regierungsbezirk),34
,,059,Reg.-Bez. Arnsberg,77
,,05,Nordrhein-Westfalen,"1,148"
,,06412,"Frankfurt am Main, Stadt",124
,,06414,"Wiesbaden, Landeshauptstadt",23
,,06433,Groß-Gerau,10
,,06434,Hochtaunuskreis,21
,,06435,Main-Kinzig-Kreis,17
,,06436,Main-Taunus-Kreis,22
,,06438,Offenbach,36
,,064,Übrige Kreise (Regierungsbezirk),36
,,064,Reg.-Bez. Darmstadt,289
,,065,Reg.-Bez. Gießen,12
,,06631,Fulda,12
,,06635,Waldeck-Frankenberg,10
,,066,Übrige Kreise (Regierungsbezirk),22
,,066,Reg.-Bez. Kassel,44
,,06,Hessen,345
,,07111,"Koblenz, kreisfreie Stadt",10
,,07315,"Mainz, kreisfreie Stadt",16
,,070,Übrige Kreise (Regierungsbezirk),69
,,070,Rheinland-Pfalz,95
,,07,Rheinland-Pfalz,95
,,08111,"Stuttgart, Landeshauptstadt",51
,,08116,Esslingen,23
,,08118,Ludwigsburg,22
,,08119,Rems-Murr-Kreis,10
,,08125,Heilbronn,10
,,08136,Ostalbkreis,13
,,081,Übrige Kreise (Regierungsbezirk),40
,,081,Reg.-Bez. Stuttgart,169
,,08212,"Karlsruhe, Stadt",11
,,08215,Karlsruhe,11
,,08222,"Mannheim, Universitätsstadt",43
,,08226,Rhein-Neckar-Kreis,14
,,082,Übrige Kreise (Regierungsbezirk),37
,,082,Reg.-Bez. Karlsruhe,116
,,08311,"Freiburg im Breisgau, Stadt",17
,,08317,Ortenaukreis,11
,,083,Übrige Kreise (Regierungsbezirk),33
,,083,Reg.-Bez. Freiburg,61
,,08417,Zollernalbkreis,11
,,08421,"Ulm, Universitätsstadt",11
,,084,Übrige Kreise (Regierungsbezirk),29
,,084,Reg.-Bez. Tübingen,51
,,08,Baden-Württemberg,397
,,09162,"München, Landeshauptstadt",140
,,09178,Freising,22
,,09184,München,54
,,091,Übrige Kreise (Regierungsbezirk),82
,,091,Oberbayern,298
,,09274,Landshut,10
,,092,Übrige Kreise (Regierungsbezirk),23
,,092,Niederbayern,33
,,09373,Neumarkt i.d.OPf.,11
,,093,Übrige Kreise (Regierungsbezirk),17
,,093,Oberpfalz,28
,,094,Oberfranken,33
,,09562,"Erlangen, Stadt",14
,,09564,"Nürnberg, Stadt",51
,,09572,Erlangen-Höchstadt,10
,,095,Übrige Kreise (Regierungsbezirk),26
,,095,Mittelfranken,101
,,096,Unterfranken,24
,,09761,"Augsburg, Stadt",12
,,097,Übrige Kreise (Regierungsbezirk),35
,,097,Schwaben,47
,,09,Bayern,564
,,10041,Regionalverband Saarbrücken,48
,,100,Übrige Kreise (Regierungsbezirk),5
,,100,Saarland,53
,,10,Saarland,53
,,11000,"Berlin, Stadt","22,021"
,,110,Berlin,"22,021"
,,11,Berlin,"22,021"
,,12051,"Brandenburg an der Havel, St.",52
,,12052,"Cottbus, Stadt","1,070"
,,12053,"Frankfurt (Oder), Stadt",191
,,12054,"Potsdam, Stadt",850
,,12060,Barnim,151
,,12062,Elbe-Elster,410
,,12063,Havelland,73
,,12064,Märkisch-Oderland,458
,,12065,Oberhavel,179
,,12066,Oberspreewald-Lausitz,"1,650"
,,12067,Oder-Spree,"1,381"
,,12068,Ostprignitz-Ruppin,90
,,12069,Potsdam-Mittelmark,653
,,12070,Prignitz,16
,,12071,Spree-Neiße,578
,,12072,Teltow-Fläming,"3,821"
,,12073,Uckermark,15
,,120,Brandenburg,"11,638"
,,12,Brandenburg,"11,638"
,,13003,"Rostock, Hansestadt",23
,,13004,"Schwerin, Landeshauptstadt",13
,,13071,Mecklenburgische Seenplatte,33
,,13073,Vorpommern-Rügen,33
,,13074,Nordwestmecklenburg,22
,,13075,Vorpommern-Greifswald,20
,,130,Übrige Kreise (Regierungsbezirk),16
,,130,Mecklenburg-Vorpommern,160
,,13,Mecklenburg-Vorpommern,160
,,14511,"Chemnitz, Stadt",25
,,14522,Mittelsachsen,20
,,14524,Zwickau,11
,,14612,"Dresden, Stadt",245
,,14625,Bautzen,61
,,14626,Görlitz,16
,,14627,Meißen,61
,,14628,Sächs. Schweiz-Osterzgebirge,14
,,14713,"Leipzig, Stadt",121
,,14729,Leipzig,31
,,14730,Nordsachsen,37
,,140,Übrige Kreise (Regierungsbezirk),11
,,140,Sachsen,653
,,14,Sachsen,653
,,15001,"Dessau-Roßlau, Stadt",14
,,15002,"Halle (Saale), Stadt",34
,,15003,"Magdeburg, Landeshauptstadt",29
,,15082,Anhalt-Bitterfeld,74
,,15083,Börde,16
,,15084,Burgenlandkreis,17
,,15085,Harz,12
,,15086,Jerichower Land,18
,,15088,Saalekreis,31
,,15089,Salzlandkreis,10
,,15091,Wittenberg,15
,,150,Übrige Kreise (Regierungsbezirk),18
,,150,Sachsen-Anhalt,288
,,15,Sachsen-Anhalt,288
,,16051,"Erfurt, Stadt",29
,,16052,"Gera, Stadt",10
,,16053,"Jena, Stadt",13
,,16063,Wartburgkreis,15
,,16072,Sonneberg,12
,,16074,Saale-Holzland-Kreis,17
,,160,Übrige Kreise (Regierungsbezirk),49
,,160,Thüringen,145
,,16,Thüringen,145
,,ZZ,Auspendler in das Bundesgebiet,"38,291"
,,Z,Auspendler insgesamt,"38,291"
12062,Elbe-Elster,,,
,,01054,Nordfriesland,48
,,01062,Stormarn,20
,,010,Übrige Kreise (Regierungsbezirk),33
,,010,Schleswig-Holstein,101
,,01,Schleswig-Holstein,101
,,02000,"Hamburg, Freie und Hansestadt",48
,,020,Hamburg,48
,,02,Hamburg,48
,,03101,"Braunschweig, Stadt",13
,,03153,Goslar,10
,,031,Übrige Kreise (Regierungsbezirk),28
,,031,Statistische Region Braunschweig,51
,,03241,Region Hannover,25
,,03257,Schaumburg,16
,,032,Übrige Kreise (Regierungsbezirk),18
,,032,Statistische Region Hannover,59
,,03359,Stade,11
,,033,Übrige Kreise (Regierungsbezirk),22
,,033,Statistische Region Lüneburg,33
,,034,Statistische Region Weser-Ems,43
,,03,Niedersachsen,186
,,04011,"Bremen, Stadt",10
,,040,Übrige Kreise (Regierungsbezirk),*
,,040,Bremen,11
,,04,Bremen,11
,,05111,"Düsseldorf, Stadt",17
,,05113,"Essen, Stadt",10
,,05119,"Oberhausen, Stadt",10
,,05158,Mettmann,12
,,05170,Wesel,21
,,051,Übrige Kreise (Regierungsbezirk),37
,,051,Reg.-Bez. Düsseldorf,107
,,05314,"Bonn, Stadt",10
,,05315,"Köln, Stadt",18
,,053,Übrige Kreise (Regierungsbezirk),32
,,053,Reg.-Bez. Köln,60
,,055,Reg.-Bez. Münster,31
,,05770,Minden-Lübbecke,13
,,057,Übrige Kreise (Regierungsbezirk),25
,,057,Reg.-Bez. Detmold,38
,,059,Reg.-Bez. Arnsberg,41
,,05,Nordrhein-Westfalen,277
,,06412,"Frankfurt am Main, Stadt",29
,,06431,Bergstraße,27
,,06436,Main-Taunus-Kreis,10
,,06438,Offenbach,11
,,064,Übrige Kreise (Regierungsbezirk),30
,,064,Reg.-Bez. Darmstadt,107
,,065,Reg.-Bez. Gießen,10
,,066,Reg.-Bez. Kassel,26
,,06,Hessen,143
,,07140,Rhein-Hunsrück-Kreis,10
,,070,Übrige Kreise (Regierungsbezirk),45
,,070,Rheinland-Pfalz,55
,,07,Rheinland-Pfalz,55
,,08111,"Stuttgart, Landeshauptstadt",22
,,08116,Esslingen,18
,,08118,Ludwigsburg,10
,,08119,Rems-Murr-Kreis,11
,,08136,Ostalbkreis,15
,,081,Übrige Kreise (Regierungsbezirk),40
,,081,Reg.-Bez. Stuttgart,116
,,08212,"Karlsruhe, Stadt",12
,,08222,"Mannheim, Universitätsstadt",18
,,082,Übrige Kreise (Regierungsbezirk),32
,,082,Reg.-Bez. Karlsruhe,62
,,08317,Ortenaukreis,16
,,083,Übrige Kreise (Regierungsbezirk),19
,,083,Reg.-Bez. Freiburg,35
,,08415,Reutlingen,10
,,08425,Alb-Donau-Kreis,16
,,084,Übrige Kreise (Regierungsbezirk),22
,,084,Reg.-Bez. Tübingen,48
,,08,Baden-Württemberg,261
,,09162,"München, Landeshauptstadt",48
,,09176,Eichstätt,10
,,09184,München,27
,,09186,Pfaffenhofen a.d.Ilm,14
,,091,Übrige Kreise (Regierungsbezirk),59
,,091,Oberbayern,158
,,09274,Landshut,13
,,092,Übrige Kreise (Regierungsbezirk),23
,,092,Niederbayern,36
,,093,Oberpfalz,36
,,094,Oberfranken,36
,,09562,"Erlangen, Stadt",10
,,09564,"Nürnberg, Stadt",35
,,095,Übrige Kreise (Regierungsbezirk),26
,,095,Mittelfranken,71
,,096,Unterfranken,34
,,097,Schwaben,37
,,09,Bayern,408
,,100,Saarland,10
,,10,Saarland,10
,,11000,"Berlin, Stadt",787
,,110,Berlin,787
,,11,Berlin,787
,,12051,"Brandenburg an der Havel, St.",61
,,12052,"Cottbus, Stadt",890
,,12053,"Frankfurt (Oder), Stadt",33
,,12054,"Potsdam, Stadt",143
,,12060,Barnim,31
,,12061,Dahme-Spreewald,648
,,12063,Havelland,10
,,12064,Märkisch-Oderland,23
,,12065,Oberhavel,16
,,12066,Oberspreewald-Lausitz,"2,522"
,,12067,Oder-Spree,31
,,12069,Potsdam-Mittelmark,110
,,12071,Spree-Neiße,218
,,12072,Teltow-Fläming,685
,,12073,Uckermark,15
,,120,Übrige Kreise (Regierungsbezirk),9
,,120,Brandenburg,"5,445"
,,12,Brandenburg,"5,445"
,,13074,Nordwestmecklenburg,11
,,13075,Vorpommern-Greifswald,11
,,130,Übrige Kreise (Regierungsbezirk),31
,,130,Mecklenburg-Vorpommern,53
,,13,Mecklenburg-Vorpommern,53
,,14511,"Chemnitz, Stadt",41
,,14521,Erzgebirgskreis,15
,,14522,Mittelsachsen,75
,,14523,Vogtlandkreis,11
,,14524,Zwickau,20
,,14612,"Dresden, Stadt",723
,,14625,Bautzen,242
,,14626,Görlitz,26
,,14627,Meißen,"2,257"
,,14628,Sächs. Schweiz-Osterzgebirge,61
,,14713,"Leipzig, Stadt",366
,,14729,Leipzig,88
,,14730,Nordsachsen,693
,,140,Sachsen,"4,618"
,,14,Sachsen,"4,618"
,,15001,"Dessau-Roßlau, Stadt",10
,,15002,"Halle (Saale), Stadt",60
,,15003,"Magdeburg, Landeshauptstadt",50
,,15082,Anhalt-Bitterfeld,16
,,15084,Burgenlandkreis,72
,,15088,Saalekreis,52
,,15091,Wittenberg,472
,,150,Übrige Kreise (Regierungsbezirk),39
,,150,Sachsen-Anhalt,771
,,15,Sachsen-Anhalt,771
,,16051,"Erfurt, Stadt",21
,,16053,"Jena, Stadt",29
,,16061,Eichsfeld,11
,,16063,Wartburgkreis,14
,,16072,Sonneberg,23
,,160,Übrige Kreise (Regierungsbezirk),71
,,160,Thüringen,169
,,16,Thüringen,169
,,ZZ,Auspendler in das Bundesgebiet,"13,343"
,,Z,Auspendler insgesamt,"13,343"
12063,Havelland,,,
,,01003,"Lübeck, Hansestadt",10
,,01004,"Neumünster, Stadt",17
,,01053,Herzogtum Lauenburg,16
,,01054,Nordfriesland,13
,,01056,Pinneberg,13
,,01058,Rendsburg-Eckernförde,17
,,01060,Segeberg,23
,,01062,Stormarn,19
,,010,Übrige Kreise (Regierungsbezirk),26
,,010,Schleswig-Holstein,154
,,01,Schleswig-Holstein,154
,,02000,"Hamburg, Freie und Hansestadt",212
,,020,Hamburg,212
,,02,Hamburg,212
,,03101,"Braunschweig, Stadt",31
,,03103,"Wolfsburg, Stadt",53
,,03151,Gifhorn,13
,,03159,Göttingen,18
,,031,Übrige Kreise (Regierungsbezirk),25
,,031,Statistische Region Braunschweig,140
,,03241,Region Hannover,94
,,03251,Diepholz,13
,,03254,Hildesheim,16
,,032,Übrige Kreise (Regierungsbezirk),12
,,032,Statistische Region Hannover,135
,,03353,Harburg,19
,,03355,Lüneburg,16
,,033,Übrige Kreise (Regierungsbezirk),57
,,033,Statistische Region Lüneburg,92
,,03453,Cloppenburg,17
,,03454,Emsland,14
,,03458,Oldenburg,13
,,034,Übrige Kreise (Regierungsbezirk),55
,,034,Statistische Region Weser-Ems,99
,,03,Niedersachsen,466
,,04011,"Bremen, Stadt",31
,,040,Übrige Kreise (Regierungsbezirk),4
,,040,Bremen,35
,,04,Bremen,35
,,05111,"Düsseldorf, Stadt",77
,,05112,"Duisburg, Stadt",29
,,05113,"Essen, Stadt",22
,,05158,Mettmann,23
,,05162,Rhein-Kreis Neuss,30
,,05166,Viersen,14
,,05170,Wesel,17
,,051,Übrige Kreise (Regierungsbezirk),27
,,051,Reg.-Bez. Düsseldorf,239
,,05314,"Bonn, Stadt",33
,,05315,"Köln, Stadt",84
,,05370,Heinsberg,10
,,05374,Oberbergischer Kreis,12
,,05382,Rhein-Sieg-Kreis,32
,,053,Übrige Kreise (Regierungsbezirk),38
,,053,Reg.-Bez. Köln,209
,,05554,Borken,12
,,05566,Steinfurt,13
,,055,Übrige Kreise (Regierungsbezirk),25
,,055,Reg.-Bez. Münster,50
,,05711,"Bielefeld, Stadt",12
,,05754,Gütersloh,87
,,05766,Lippe,10
,,05770,Minden-Lübbecke,15
,,057,Übrige Kreise (Regierungsbezirk),12
,,057,Reg.-Bez. Detmold,136
,,05913,"Dortmund, Stadt",18
,,059,Übrige Kreise (Regierungsbezirk),53
,,059,Reg.-Bez. Arnsberg,71
,,05,Nordrhein-Westfalen,705
,,06412,"Frankfurt am Main, Stadt",122
,,06414,"Wiesbaden, Landeshauptstadt",22
,,06432,Darmstadt-Dieburg,14
,,06434,Hochtaunuskreis,21
,,06435,Main-Kinzig-Kreis,12
,,06436,Main-Taunus-Kreis,25
,,06438,Offenbach,30
,,064,Übrige Kreise (Regierungsbezirk),39
,,064,Reg.-Bez. Darmstadt,285
,,06532,Lahn-Dill-Kreis,10
,,065,Übrige Kreise (Regierungsbezirk),7
,,065,Reg.-Bez. Gießen,17
,,06611,"Kassel, documenta-Stadt",14
,,06631,Fulda,10
,,066,Übrige Kreise (Regierungsbezirk),14
,,066,Reg.-Bez. Kassel,38
,,06,Hessen,340
,,070,Rheinland-Pfalz,77
,,07,Rheinland-Pfalz,77
,,08111,"Stuttgart, Landeshauptstadt",36
,,08116,Esslingen,18
,,08118,Ludwigsburg,15
,,081,Übrige Kreise (Regierungsbezirk),38
,,081,Reg.-Bez. Stuttgart,107
,,08212,"Karlsruhe, Stadt",29
,,08215,Karlsruhe,12
,,08222,"Mannheim, Universitätsstadt",22
,,08226,Rhein-Neckar-Kreis,16
,,08236,Enzkreis,10
,,082,Übrige Kreise (Regierungsbezirk),17
,,082,Reg.-Bez. Karlsruhe,106
,,083,Reg.-Bez. Freiburg,40
,,08415,Reutlingen,10
,,084,Übrige Kreise (Regierungsbezirk),29
,,084,Reg.-Bez. Tübingen,39
,,08,Baden-Württemberg,292
,,09162,"München, Landeshauptstadt",155
,,09178,Freising,21
,,09184,München,45
,,09189,Traunstein,14
,,091,Übrige Kreise (Regierungsbezirk),59
,,091,Oberbayern,294
,,092,Niederbayern,14
,,093,Oberpfalz,19
,,094,Oberfranken,26
,,09562,"Erlangen, Stadt",16
,,09564,"Nürnberg, Stadt",34
,,09572,Erlangen-Höchstadt,23
,,095,Übrige Kreise (Regierungsbezirk),29
,,095,Mittelfranken,102
,,096,Unterfranken,32
,,097,Schwaben,35
,,09,Bayern,522
,,10041,Regionalverband Saarbrücken,28
,,100,Übrige Kreise (Regierungsbezirk),8
,,100,Saarland,36
,,10,Saarland,36
,,11000,"Berlin, Stadt","22,243"
,,110,Berlin,"22,243"
,,11,Berlin,"22,243"
,,12051,"Brandenburg an der Havel, St.","2,378"
,,12052,"Cottbus, Stadt",34
,,12053,"Frankfurt (Oder), Stadt",30
,,12054,"Potsdam, Stadt","2,615"
,,12060,Barnim,115
,,12061,Dahme-Spreewald,265
,,12064,Märkisch-Oderland,124
,,12065,Oberhavel,"1,526"
,,12066,Oberspreewald-Lausitz,29
,,12067,Oder-Spree,93
,,12068,Ostprignitz-Ruppin,565
,,12069,Potsdam-Mittelmark,"1,129"
,,12070,Prignitz,77
,,12071,Spree-Neiße,11
,,12072,Teltow-Fläming,345
,,12073,Uckermark,14
,,120,Übrige Kreise (Regierungsbezirk),5
,,120,Brandenburg,"9,355"
,,12,Brandenburg,"9,355"
,,13003,"Rostock, Hansestadt",26
,,13004,"Schwerin, Landeshauptstadt",17
,,13071,Mecklenburgische Seenplatte,48
,,13072,Landkreis Rostock,15
,,13073,Vorpommern-Rügen,13
,,13074,Nordwestmecklenburg,20
,,13075,Vorpommern-Greifswald,11
,,13076,Ludwigslust-Parchim,17
,,130,Mecklenburg-Vorpommern,167
,,13,Mecklenburg-Vorpommern,167
,,14511,"Chemnitz, Stadt",21
,,14521,Erzgebirgskreis,17
,,14522,Mittelsachsen,11
,,14523,Vogtlandkreis,23
,,14524,Zwickau,13
,,14612,"Dresden, Stadt",58
,,14625,Bautzen,30
,,14626,Görlitz,11
,,14627,Meißen,13
,,14713,"Leipzig, Stadt",119
,,14730,Nordsachsen,18
,,140,Übrige Kreise (Regierungsbezirk),16
,,140,Sachsen,350
,,14,Sachsen,350
,,15001,"Dessau-Roßlau, Stadt",11
,,15002,"Halle (Saale), Stadt",38
,,15003,"Magdeburg, Landeshauptstadt",116
,,15081,Altmarkkreis Salzwedel,22
,,15082,Anhalt-Bitterfeld,12
,,15083,Börde,37
,,15084,Burgenlandkreis,30
,,15085,Harz,17
,,15086,Jerichower Land,132
,,15088,Saalekreis,68
,,15089,Salzlandkreis,10
,,15090,Stendal,334
,,15091,Wittenberg,13
,,150,Übrige Kreise (Regierungsbezirk),7
,,150,Sachsen-Anhalt,847
,,15,Sachsen-Anhalt,847
,,16051,"Erfurt, Stadt",19
,,160,Übrige Kreise (Regierungsbezirk),59
,,160,Thüringen,78
,,16,Thüringen,78
,,ZZ,Auspendler in das Bundesgebiet,"35,879"
,,Z,Auspendler insgesamt,"35,879"
12064,Märkisch-Oderland,,,
,,01002,"Kiel, Landeshauptstadt",11
,,01004,"Neumünster, Stadt",40
,,01053,Herzogtum Lauenburg,13
,,01054,Nordfriesland,23
,,01056,Pinneberg,18
,,01058,Rendsburg-Eckernförde,32
,,01059,Schleswig-Flensburg,13
,,01060,Segeberg,10
,,01062,Stormarn,25
,,010,Übrige Kreise (Regierungsbezirk),34
,,010,Schleswig-Holstein,219
,,01,Schleswig-Holstein,219
,,02000,"Hamburg, Freie und Hansestadt",236
,,020,Hamburg,236
,,02,Hamburg,236
,,03101,"Braunschweig, Stadt",34
,,03103,"Wolfsburg, Stadt",23
,,031,Übrige Kreise (Regierungsbezirk),23
,,031,Statistische Region Braunschweig,80
,,03241,Region Hannover,92
,,032,Übrige Kreise (Regierungsbezirk),22
,,032,Statistische Region Hannover,114
,,03351,Celle,12
,,03353,Harburg,24
,,03357,Rotenburg (Wümme),14
,,03360,Uelzen,11
,,033,Übrige Kreise (Regierungsbezirk),41
,,033,Statistische Region Lüneburg,102
,,03403,"Oldenburg (Oldenburg), Stadt",12
,,03453,Cloppenburg,16
,,03454,Emsland,12
,,03458,Oldenburg,13
,,03459,Osnabrück,15
,,034,Übrige Kreise (Regierungsbezirk),52
,,034,Statistische Region Weser-Ems,120
,,03,Niedersachsen,416
,,04011,"Bremen, Stadt",28
,,040,Übrige Kreise (Regierungsbezirk),3
,,040,Bremen,31
,,04,Bremen,31
,,05111,"Düsseldorf, Stadt",59
,,05112,"Duisburg, Stadt",13
,,05113,"Essen, Stadt",30
,,05114,"Krefeld, Stadt",10
,,05158,Mettmann,35
,,05162,Rhein-Kreis Neuss,14
,,05166,Viersen,13
,,051,Übrige Kreise (Regierungsbezirk),44
,,051,Reg.-Bez. Düsseldorf,218
,,05314,"Bonn, Stadt",34
,,05315,"Köln, Stadt",91
,,05334,Städteregion Aachen,14
,,05362,Rhein-Erft-Kreis,24
,,05374,Oberbergischer Kreis,19
,,05382,Rhein-Sieg-Kreis,32
,,053,Übrige Kreise (Regierungsbezirk),20
,,053,Reg.-Bez. Köln,234
,,05554,Borken,17
,,05562,Recklinghausen,12
,,05566,Steinfurt,12
,,055,Übrige Kreise (Regierungsbezirk),30
,,055,Reg.-Bez. Münster,71
,,05711,"Bielefeld, Stadt",11
,,05754,Gütersloh,25
,,057,Übrige Kreise (Regierungsbezirk),29
,,057,Reg.-Bez. Detmold,65
,,05911,"Bochum, Stadt",10
,,05913,"Dortmund, Stadt",31
,,05915,"Hamm, Stadt",27
,,05974,Soest,11
,,05978,Unna,11
,,059,Übrige Kreise (Regierungsbezirk),36
,,059,Reg.-Bez. Arnsberg,126
,,05,Nordrhein-Westfalen,714
,,06411,"Darmstadt, Wissenschaftsstadt",12
,,06412,"Frankfurt am Main, Stadt",104
,,06414,"Wiesbaden, Landeshauptstadt",20
,,06433,Groß-Gerau,12
,,06434,Hochtaunuskreis,24
,,06435,Main-Kinzig-Kreis,17
,,06436,Main-Taunus-Kreis,21
,,06438,Offenbach,21
,,064,Übrige Kreise (Regierungsbezirk),26
,,064,Reg.-Bez. Darmstadt,257
,,065,Reg.-Bez. Gießen,24
,,06631,Fulda,11
,,06632,Hersfeld-Rotenburg,10
,,066,Übrige Kreise (Regierungsbezirk),20
,,066,Reg.-Bez. Kassel,41
,,06,Hessen,322
,,07133,Bad Kreuznach,16
,,07140,Rhein-Hunsrück-Kreis,11
,,07315,"Mainz, kreisfreie Stadt",14
,,070,Übrige Kreise (Regierungsbezirk),57
,,070,Rheinland-Pfalz,98
,,07,Rheinland-Pfalz,98
,,08111,"Stuttgart, Landeshauptstadt",36
,,08115,Böblingen,17
,,08116,Esslingen,14
,,08118,Ludwigsburg,22
,,08119,Rems-Murr-Kreis,13
,,08126,Hohenlohekreis,18
,,081,Übrige Kreise (Regierungsbezirk),34
,,081,Reg.-Bez. Stuttgart,154
,,08212,"Karlsruhe, Stadt",11
,,08222,"Mannheim, Universitätsstadt",30
,,08226,Rhein-Neckar-Kreis,12
,,082,Übrige Kreise (Regierungsbezirk),31
,,082,Reg.-Bez. Karlsruhe,84
,,08311,"Freiburg im Breisgau, Stadt",13
,,083,Übrige Kreise (Regierungsbezirk),45
,,083,Reg.-Bez. Freiburg,58
,,084,Reg.-Bez. Tübingen,40
,,08,Baden-Württemberg,336
,,09161,"Ingolstadt, Stadt",15
,,09162,"München, Landeshauptstadt",106
,,09178,Freising,15
,,09184,München,45
,,09188,Starnberg,14
,,091,Übrige Kreise (Regierungsbezirk),54
,,091,Oberbayern,249
,,092,Niederbayern,26
,,093,Oberpfalz,26
,,094,Oberfranken,37
,,09562,"Erlangen, Stadt",15
,,09564,"Nürnberg, Stadt",29
,,095,Übrige Kreise (Regierungsbezirk),19
,,095,Mittelfranken,63
,,096,Unterfranken,35
,,097,Schwaben,39
,,09,Bayern,475
,,100,Saarland,18
,,10,Saarland,18
,,11000,"Berlin, Stadt","27,290"
,,110,Berlin,"27,290"
,,11,Berlin,"27,290"
,,12051,"Brandenburg an der Havel, St.",70
,,12052,"Cottbus, Stadt",115
,,12053,"Frankfurt (Oder), Stadt","3,174"
,,12054,"Potsdam, Stadt",523
,,12060,Barnim,"3,289"
,,12061,Dahme-Spreewald,902
,,12062,Elbe-Elster,52
,,12063,Havelland,123
,,12065,Oberhavel,414
,,12066,Oberspreewald-Lausitz,45
,,12067,Oder-Spree,"3,560"
,,12068,Ostprignitz-Ruppin,82
,,12069,Potsdam-Mittelmark,283
,,12070,Prignitz,17
,,12071,Spree-Neiße,40
,,12072,Teltow-Fläming,527
,,12073,Uckermark,407
,,120,Brandenburg,"13,623"
,,12,Brandenburg,"13,623"
,,13003,"Rostock, Hansestadt",29
,,13004,"Schwerin, Landeshauptstadt",19
,,13071,Mecklenburgische Seenplatte,60
,,13072,Landkreis Rostock,17
,,13073,Vorpommern-Rügen,37
,,13075,Vorpommern-Greifswald,47
,,13076,Ludwigslust-Parchim,10
,,130,Übrige Kreise (Regierungsbezirk),5
,,130,Mecklenburg-Vorpommern,224
,,13,Mecklenburg-Vorpommern,224
,,14511,"Chemnitz, Stadt",22
,,14522,Mittelsachsen,26
,,14523,Vogtlandkreis,19
,,14524,Zwickau,26
,,14612,"Dresden, Stadt",88
,,14625,Bautzen,39
,,14626,Görlitz,10
,,14627,Meißen,25
,,14628,Sächs. Schweiz-Osterzgebirge,15
,,14713,"Leipzig, Stadt",164
,,14729,Leipzig,20
,,14730,Nordsachsen,26
,,140,Übrige Kreise (Regierungsbezirk),5
,,140,Sachsen,485
,,14,Sachsen,485
,,15001,"Dessau-Roßlau, Stadt",16
,,15002,"Halle (Saale), Stadt",26
,,15003,"Magdeburg, Landeshauptstadt",33
,,15082,Anhalt-Bitterfeld,43
,,15083,Börde,17
,,15084,Burgenlandkreis,14
,,15085,Harz,23
,,15086,Jerichower Land,15
,,15088,Saalekreis,29
,,15089,Salzlandkreis,12
,,15091,Wittenberg,25
,,150,Übrige Kreise (Regierungsbezirk),24
,,150,Sachsen-Anhalt,277
,,15,Sachsen-Anhalt,277
,,16051,"Erfurt, Stadt",19
,,16053,"Jena, Stadt",13
,,16070,Ilm-Kreis,15
,,160,Übrige Kreise (Regierungsbezirk),79
,,160,Thüringen,126
,,16,Thüringen,126
,,ZZ,Auspendler in das Bundesgebiet,"44,890"
,,Z,Auspendler insgesamt,"44,890"
12065,Oberhavel,,,
,,01002,"Kiel, Landeshauptstadt",19
,,01003,"Lübeck, Hansestadt",18
,,01004,"Neumünster, Stadt",39
,,01053,Herzogtum Lauenburg,10
,,01056,Pinneberg,32
,,01058,Rendsburg-Eckernförde,38
,,01060,Segeberg,27
,,01062,Stormarn,18
,,010,Übrige Kreise (Regierungsbezirk),42
,,010,Schleswig-Holstein,243
,,01,Schleswig-Holstein,243
,,02000,"Hamburg, Freie und Hansestadt",269
,,020,Hamburg,269
,,02,Hamburg,269
,,03101,"Braunschweig, Stadt",21
,,03103,"Wolfsburg, Stadt",20
,,03159,Göttingen,10
,,031,Übrige Kreise (Regierungsbezirk),27
,,031,Statistische Region Braunschweig,78
,,03241,Region Hannover,101
,,032,Übrige Kreise (Regierungsbezirk),25
,,032,Statistische Region Hannover,126
,,03351,Celle,15
,,03353,Harburg,26
,,03358,Heidekreis,15
,,03360,Uelzen,10
,,03361,Verden,11
,,033,Übrige Kreise (Regierungsbezirk),26
,,033,Statistische Region Lüneburg,103
,,03404,"Osnabrück, Stadt",13
,,03453,Cloppenburg,16
,,03454,Emsland,20
,,03461,Wesermarsch,12
,,034,Übrige Kreise (Regierungsbezirk),67
,,034,Statistische Region Weser-Ems,128
,,03,Niedersachsen,435
,,04011,"Bremen, Stadt",30
,,040,Übrige Kreise (Regierungsbezirk),*
,,040,Bremen,31
,,04,Bremen,31
,,05111,"Düsseldorf, Stadt",66
,,05112,"Duisburg, Stadt",23
,,05113,"Essen, Stadt",45
,,05114,"Krefeld, Stadt",10
,,05124,"Wuppertal, Stadt",17
,,05158,Mettmann,26
,,05162,Rhein-Kreis Neuss,13
,,05170,Wesel,17
,,051,Übrige Kreise (Regierungsbezirk),38
,,051,Reg.-Bez. Düsseldorf,255
,,05314,"Bonn, Stadt",48
,,05315,"Köln, Stadt",93
,,05316,"Leverkusen, Stadt",13
,,05334,Städteregion Aachen,10
,,05362,Rhein-Erft-Kreis,10
,,05374,Oberbergischer Kreis,26
,,05382,Rhein-Sieg-Kreis,28
,,053,Übrige Kreise (Regierungsbezirk),18
,,053,Reg.-Bez. Köln,246
,,05515,"Münster, Stadt",10
,,05562,Recklinghausen,11
,,05566,Steinfurt,14
,,055,Übrige Kreise (Regierungsbezirk),24
,,055,Reg.-Bez. Münster,59
,,05754,Gütersloh,25
,,05766,Lippe,14
,,05770,Minden-Lübbecke,18
,,057,Übrige Kreise (Regierungsbezirk),23
,,057,Reg.-Bez. Detmold,80
,,05911,"Bochum, Stadt",12
,,05913,"Dortmund, Stadt",29
,,05915,"Hamm, Stadt",42
,,05978,Unna,14
,,059,Übrige Kreise (Regierungsbezirk),44
,,059,Reg.-Bez. Arnsberg,141
,,05,Nordrhein-Westfalen,781
,,06412,"Frankfurt am Main, Stadt",173
,,06414,"Wiesbaden, Landeshauptstadt",28
,,06431,Bergstraße,12
,,06433,Groß-Gerau,15
,,06434,Hochtaunuskreis,37
,,06435,Main-Kinzig-Kreis,33
,,06436,Main-Taunus-Kreis,26
,,06438,Offenbach,34
,,06440,Wetteraukreis,11
,,064,Übrige Kreise (Regierungsbezirk),30
,,064,Reg.-Bez. Darmstadt,399
,,065,Reg.-Bez. Gießen,17
,,066,Reg.-Bez. Kassel,32
,,06,Hessen,448
,,07315,"Mainz, kreisfreie Stadt",12
,,070,Übrige Kreise (Regierungsbezirk),90
,,070,Rheinland-Pfalz,102
,,07,Rheinland-Pfalz,102
,,08111,"Stuttgart, Landeshauptstadt",61
,,08115,Böblingen,11
,,08116,Esslingen,28
,,08117,Göppingen,14
,,08118,Ludwigsburg,15
,,08125,Heilbronn,17
,,08126,Hohenlohekreis,13
,,08128,Main-Tauber-Kreis,12
,,081,Übrige Kreise (Regierungsbezirk),29
,,081,Reg.-Bez. Stuttgart,200
,,08212,"Karlsruhe, Stadt",18
,,08215,Karlsruhe,12
,,08221,"Heidelberg, Stadt",12
,,08222,"Mannheim, Universitätsstadt",26
,,08226,Rhein-Neckar-Kreis,17
,,082,Übrige Kreise (Regierungsbezirk),23
,,082,Reg.-Bez. Karlsruhe,108
,,08317,Ortenaukreis,14
,,083,Übrige Kreise (Regierungsbezirk),47
,,083,Reg.-Bez. Freiburg,61
,,08421,"Ulm, Universitätsstadt",10
,,084,Übrige Kreise (Regierungsbezirk),30
,,084,Reg.-Bez. Tübingen,40
,,08,Baden-Württemberg,409
,,09162,"München, Landeshauptstadt",217
,,09178,Freising,28
,,09179,Fürstenfeldbruck,10
,,09184,München,57
,,09187,Rosenheim,12
,,09188,Starnberg,10
,,091,Übrige Kreise (Regierungsbezirk),52
,,091,Oberbayern,386
,,092,Niederbayern,21
,,09373,Neumarkt i.d.OPf.,14
,,093,Übrige Kreise (Regierungsbezirk),18
,,093,Oberpfalz,32
,,094,Oberfranken,33
,,09562,"Erlangen, Stadt",16
,,09564,"Nürnberg, Stadt",39
,,09574,Nürnberger Land,14
,,095,Übrige Kreise (Regierungsbezirk),25
,,095,Mittelfranken,94
,,09678,Schweinfurt,25
,,096,Übrige Kreise (Regierungsbezirk),33
,,096,Unterfranken,58
,,097,Schwaben,44
,,09,Bayern,668
,,10045,Saarpfalz-Kreis,10
,,100,Übrige Kreise (Regierungsbezirk),13
,,100,Saarland,23
,,10,Saarland,23
,,11000,"Berlin, Stadt","35,002"
,,110,Berlin,"35,002"
,,11,Berlin,"35,002"
,,12051,"Brandenburg an der Havel, St.",99
,,12052,"Cottbus, Stadt",50
,,12053,"Frankfurt (Oder), Stadt",102
,,12054,"Potsdam, Stadt",870
,,12060,Barnim,"1,353"
,,12061,Dahme-Spreewald,331
,,12062,Elbe-Elster,15
,,12063,Havelland,"1,521"
,,12064,Märkisch-Oderland,350
,,12066,Oberspreewald-Lausitz,16
,,12067,Oder-Spree,148
,,12068,Ostprignitz-Ruppin,"1,292"
,,12069,Potsdam-Mittelmark,426
,,12070,Prignitz,53
,,12071,Spree-Neiße,13
,,12072,Teltow-Fläming,390
,,12073,Uckermark,428
,,120,Brandenburg,"7,457"
,,12,Brandenburg,"7,457"
,,13003,"Rostock, Hansestadt",42
,,13004,"Schwerin, Landeshauptstadt",26
,,13071,Mecklenburgische Seenplatte,364
,,13072,Landkreis Rostock,18
,,13073,Vorpommern-Rügen,35
,,13075,Vorpommern-Greifswald,45
,,13076,Ludwigslust-Parchim,16
,,130,Übrige Kreise (Regierungsbezirk),8
,,130,Mecklenburg-Vorpommern,554
,,13,Mecklenburg-Vorpommern,554
,,14511,"Chemnitz, Stadt",24
,,14521,Erzgebirgskreis,30
,,14522,Mittelsachsen,15
,,14524,Zwickau,23
,,14612,"Dresden, Stadt",143
,,14625,Bautzen,31
,,14627,Meißen,11
,,14628,Sächs. Schweiz-Osterzgebirge,12
,,14713,"Leipzig, Stadt",115
,,14729,Leipzig,23
,,14730,Nordsachsen,13
,,140,Übrige Kreise (Regierungsbezirk),15
,,140,Sachsen,455
,,14,Sachsen,455
,,15001,"Dessau-Roßlau, Stadt",10
,,15002,"Halle (Saale), Stadt",31
,,15003,"Magdeburg, Landeshauptstadt",32
,,15082,Anhalt-Bitterfeld,15
,,15083,Börde,16
,,15085,Harz,28
,,15086,Jerichower Land,17
,,15088,Saalekreis,16
,,15089,Salzlandkreis,41
,,15090,Stendal,30
,,15091,Wittenberg,11
,,150,Übrige Kreise (Regierungsbezirk),14
,,150,Sachsen-Anhalt,261
,,15,Sachsen-Anhalt,261
,,16051,"Erfurt, Stadt",14
,,16053,"Jena, Stadt",10
,,16070,Ilm-Kreis,10
,,160,Übrige Kreise (Regierungsbezirk),61
,,160,Thüringen,95
,,16,Thüringen,95
,,ZZ,Auspendler in das Bundesgebiet,"47,233"
,,Z,Auspendler insgesamt,"47,233"
12066,Oberspreewald-Lausitz,,,
,,01054,Nordfriesland,39
,,010,Übrige Kreise (Regierungsbezirk),46
,,010,Schleswig-Holstein,85
,,01,Schleswig-Holstein,85
,,02000,"Hamburg, Freie und Hansestadt",74
,,020,Hamburg,74
,,02,Hamburg,74
,,03153,Goslar,12
,,031,Übrige Kreise (Regierungsbezirk),35
,,031,Statistische Region Braunschweig,47
,,03241,Region Hannover,23
,,032,Übrige Kreise (Regierungsbezirk),28
,,032,Statistische Region Hannover,51
,,03353,Harburg,97
,,033,Übrige Kreise (Regierungsbezirk),26
,,033,Statistische Region Lüneburg,123
,,034,Statistische Region Weser-Ems,39
,,03,Niedersachsen,260
,,04011,"Bremen, Stadt",12
,,040,Bremen,12
,,04,Bremen,12
,,05111,"Düsseldorf, Stadt",36
,,05112,"Duisburg, Stadt",34
,,05113,"Essen, Stadt",26
,,05158,Mettmann,15
,,05170,Wesel,14
,,051,Übrige Kreise (Regierungsbezirk),26
,,051,Reg.-Bez. Düsseldorf,151
,,05315,"Köln, Stadt",34
,,05316,"Leverkusen, Stadt",10
,,05334,Städteregion Aachen,10
,,053,Übrige Kreise (Regierungsbezirk),38
,,053,Reg.-Bez. Köln,92
,,05562,Recklinghausen,36
,,055,Übrige Kreise (Regierungsbezirk),27
,,055,Reg.-Bez. Münster,63
,,057,Reg.-Bez. Detmold,31
,,05913,"Dortmund, Stadt",12
,,059,Übrige Kreise (Regierungsbezirk),40
,,059,Reg.-Bez. Arnsberg,52
,,05,Nordrhein-Westfalen,389
,,06412,"Frankfurt am Main, Stadt",40
,,06431,Bergstraße,12
,,06435,Main-Kinzig-Kreis,10
,,064,Übrige Kreise (Regierungsbezirk),50
,,064,Reg.-Bez. Darmstadt,112
,,066,Reg.-Bez. Kassel,24
,,06,Übrige Regierungsbezirke (Bundesland),5
,,06,Hessen,141
,,07314,"Ludwigshafen am Rhein, Stadt",32
,,07337,Südliche Weinstraße,12
,,070,Übrige Kreise (Regierungsbezirk),43
,,070,Rheinland-Pfalz,87
,,07,Rheinland-Pfalz,87
,,08111,"Stuttgart, Landeshauptstadt",31
,,08116,Esslingen,17
,,08136,Ostalbkreis,12
,,081,Übrige Kreise (Regierungsbezirk),62
,,081,Reg.-Bez. Stuttgart,122
,,08212,"Karlsruhe, Stadt",12
,,08215,Karlsruhe,11
,,08222,"Mannheim, Universitätsstadt",29
,,082,Übrige Kreise (Regierungsbezirk),26
,,082,Reg.-Bez. Karlsruhe,78
,,08317,Ortenaukreis,10
,,083,Übrige Kreise (Regierungsbezirk),22
,,083,Reg.-Bez. Freiburg,32
,,08425,Alb-Donau-Kreis,14
,,084,Übrige Kreise (Regierungsbezirk),21
,,084,Reg.-Bez. Tübingen,35
,,08,Baden-Württemberg,267
,,09161,"Ingolstadt, Stadt",15
,,09162,"München, Landeshauptstadt",64
,,09184,München,45
,,09186,Pfaffenhofen a.d.Ilm,22
,,091,Übrige Kreise (Regierungsbezirk),63
,,091,Oberbayern,209
,,09271,Deggendorf,11
,,092,Übrige Kreise (Regierungsbezirk),28
,,092,Niederbayern,39
,,093,Oberpfalz,45
,,094,Oberfranken,15
,,09564,"Nürnberg, Stadt",35
,,095,Übrige Kreise (Regierungsbezirk),30
,,095,Mittelfranken,65
,,096,Unterfranken,32
,,097,Schwaben,48
,,09,Bayern,453
,,100,Saarland,21
,,10,Saarland,21
,,11000,"Berlin, Stadt",934
,,110,Berlin,934
,,11,Berlin,934
,,12051,"Brandenburg an der Havel, St.",24
,,12052,"Cottbus, Stadt","3,008"
,,12053,"Frankfurt (Oder), Stadt",147
,,12054,"Potsdam, Stadt",131
,,12060,Barnim,24
,,12061,Dahme-Spreewald,"1,621"
,,12062,Elbe-Elster,"1,746"
,,12063,Havelland,14
,,12064,Märkisch-Oderland,90
,,12065,Oberhavel,20
,,12067,Oder-Spree,71
,,12068,Ostprignitz-Ruppin,13
,,12069,Potsdam-Mittelmark,81
,,12071,Spree-Neiße,"1,611"
,,12072,Teltow-Fläming,264
,,120,Übrige Kreise (Regierungsbezirk),13
,,120,Brandenburg,"8,878"
,,12,Brandenburg,"8,878"
,,13003,"Rostock, Hansestadt",12
,,13071,Mecklenburgische Seenplatte,10
,,13072,Landkreis Rostock,12
,,13075,Vorpommern-Greifswald,14
,,130,Übrige Kreise (Regierungsbezirk),15
,,130,Mecklenburg-Vorpommern,63
,,13,Mecklenburg-Vorpommern,63
,,14511,"Chemnitz, Stadt",47
,,14521,Erzgebirgskreis,13
,,14522,Mittelsachsen,40
,,14523,Vogtlandkreis,12
,,14524,Zwickau,30
,,14612,"Dresden, Stadt","1,307"
,,14625,Bautzen,"1,539"
,,14626,Görlitz,106
,,14627,Meißen,942
,,14628,Sächs. Schweiz-Osterzgebirge,89
,,14713,"Leipzig, Stadt",178
,,14729,Leipzig,48
,,14730,Nordsachsen,35
,,140,Sachsen,"4,386"
,,14,Sachsen,"4,386"
,,15002,"Halle (Saale), Stadt",14
,,15003,"Magdeburg, Landeshauptstadt",16
,,15082,Anhalt-Bitterfeld,27
,,15084,Burgenlandkreis,27
,,15086,Jerichower Land,26
,,15088,Saalekreis,117
,,15089,Salzlandkreis,16
,,15091,Wittenberg,22
,,150,Übrige Kreise (Regierungsbezirk),22
,,150,Sachsen-Anhalt,287
,,15,Sachsen-Anhalt,287
,,16051,"Erfurt, Stadt",18
,,16053,"Jena, Stadt",26
,,16063,Wartburgkreis,14
,,160,Übrige Kreise (Regierungsbezirk),57
,,160,Thüringen,115
,,16,Thüringen,115
,,ZZ,Auspendler in das Bundesgebiet,"16,452"
,,Z,Auspendler insgesamt,"16,452"
12067,Oder-Spree,,,
,,01003,"Lübeck, Hansestadt",27
,,01004,"Neumünster, Stadt",36
,,01054,Nordfriesland,14
,,01058,Rendsburg-Eckernförde,14
,,01060,Segeberg,10
,,01062,Stormarn,14
,,010,Übrige Kreise (Regierungsbezirk),51
,,010,Schleswig-Holstein,166
,,01,Schleswig-Holstein,166
,,02000,"Hamburg, Freie und Hansestadt",163
,,020,Hamburg,163
,,02,Hamburg,163
,,03101,"Braunschweig, Stadt",22
,,03103,"Wolfsburg, Stadt",14
,,031,Übrige Kreise (Regierungsbezirk),23
,,031,Statistische Region Braunschweig,59
,,03241,Region Hannover,68
,,03257,Schaumburg,13
,,032,Übrige Kreise (Regierungsbezirk),22
,,032,Statistische Region Hannover,103
,,03351,Celle,21
,,03353,Harburg,13
,,03361,Verden,14
,,033,Übrige Kreise (Regierungsbezirk),33
,,033,Statistische Region Lüneburg,81
,,03451,Ammerland,31
,,03460,Vechta,12
,,034,Übrige Kreise (Regierungsbezirk),63
,,034,Statistische Region Weser-Ems,106
,,03,Niedersachsen,349
,,04011,"Bremen, Stadt",34
,,040,Übrige Kreise (Regierungsbezirk),3
,,040,Bremen,37
,,04,Bremen,37
,,05111,"Düsseldorf, Stadt",43
,,05113,"Essen, Stadt",32
,,05117,"Mülheim an der Ruhr, Stadt",10
,,05158,Mettmann,37
,,05162,Rhein-Kreis Neuss,13
,,05166,Viersen,14
,,051,Übrige Kreise (Regierungsbezirk),54
,,051,Reg.-Bez. Düsseldorf,203
,,05314,"Bonn, Stadt",25
,,05315,"Köln, Stadt",66
,,05362,Rhein-Erft-Kreis,22
,,05374,Oberbergischer Kreis,11
,,05382,Rhein-Sieg-Kreis,11
,,053,Übrige Kreise (Regierungsbezirk),22
,,053,Reg.-Bez. Köln,157
,,05562,Recklinghausen,45
,,055,Übrige Kreise (Regierungsbezirk),40
,,055,Reg.-Bez. Münster,85
,,05754,Gütersloh,11
,,05758,Herford,10
,,05766,Lippe,12
,,05774,Paderborn,23
,,057,Übrige Kreise (Regierungsbezirk),15
,,057,Reg.-Bez. Detmold,71
,,05911,"Bochum, Stadt",17
,,05913,"Dortmund, Stadt",16
,,059,Übrige Kreise (Regierungsbezirk),38
,,059,Reg.-Bez. Arnsberg,71
,,05,Nordrhein-Westfalen,587
,,06412,"Frankfurt am Main, Stadt",86
,,06414,"Wiesbaden, Landeshauptstadt",18
,,06432,Darmstadt-Dieburg,12
,,06434,Hochtaunuskreis,33
,,06436,Main-Taunus-Kreis,11
,,06438,Offenbach,16
,,064,Übrige Kreise (Regierungsbezirk),34
,,064,Reg.-Bez. Darmstadt,210
,,065,Reg.-Bez. Gießen,14
,,066,Reg.-Bez. Kassel,29
,,06,Hessen,253
,,07315,"Mainz, kreisfreie Stadt",15
,,070,Übrige Kreise (Regierungsbezirk),63
,,070,Rheinland-Pfalz,78
,,07,Rheinland-Pfalz,78
,,08111,"Stuttgart, Landeshauptstadt",40
,,08116,Esslingen,18
,,08118,Ludwigsburg,10
,,08126,Hohenlohekreis,10
,,081,Übrige Kreise (Regierungsbezirk),52
,,081,Reg.-Bez. Stuttgart,130
,,08212,"Karlsruhe, Stadt",19
,,08226,Rhein-Neckar-Kreis,11
,,082,Übrige Kreise (Regierungsbezirk),47
,,082,Reg.-Bez. Karlsruhe,77
,,08317,Ortenaukreis,11
,,08326,Schwarzwald-Baar-Kreis,10
,,083,Übrige Kreise (Regierungsbezirk),33
,,083,Reg.-Bez. Freiburg,54
,,084,Reg.-Bez. Tübingen,35
,,08,Baden-Württemberg,296
,,09162,"München, Landeshauptstadt",80
,,09172,Berchtesgadener Land,27
,,09178,Freising,12
,,09184,München,30
,,091,Übrige Kreise (Regierungsbezirk),56
,,091,Oberbayern,205
,,092,Niederbayern,18
,,093,Oberpfalz,26
,,094,Oberfranken,22
,,09564,"Nürnberg, Stadt",37
,,095,Übrige Kreise (Regierungsbezirk),27
,,095,Mittelfranken,64
,,09662,"Schweinfurt, Stadt",15
,,096,Übrige Kreise (Regierungsbezirk),12
,,096,Unterfranken,27
,,097,Schwaben,41
,,09,Bayern,403
,,10044,Saarlouis,16
,,100,Übrige Kreise (Regierungsbezirk),11
,,100,Saarland,27
,,10,Saarland,27
,,11000,"Berlin, Stadt","13,622"
,,110,Berlin,"13,622"
,,11,Berlin,"13,622"
,,12051,"Brandenburg an der Havel, St.",50
,,12052,"Cottbus, Stadt",307
,,12053,"Frankfurt (Oder), Stadt","5,613"
,,12054,"Potsdam, Stadt",441
,,12060,Barnim,453
,,12061,Dahme-Spreewald,"2,298"
,,12062,Elbe-Elster,84
,,12063,Havelland,67
,,12064,Märkisch-Oderland,"2,934"
,,12065,Oberhavel,235
,,12066,Oberspreewald-Lausitz,123
,,12068,Ostprignitz-Ruppin,54
,,12069,Potsdam-Mittelmark,255
,,12070,Prignitz,10
,,12071,Spree-Neiße,499
,,12072,Teltow-Fläming,523
,,12073,Uckermark,51
,,120,Brandenburg,"13,997"
,,12,Brandenburg,"13,997"
,,13003,"Rostock, Hansestadt",30
,,13004,"Schwerin, Landeshauptstadt",15
,,13071,Mecklenburgische Seenplatte,30
,,13073,Vorpommern-Rügen,22
,,13074,Nordwestmecklenburg,18
,,13075,Vorpommern-Greifswald,29
,,13076,Ludwigslust-Parchim,26
,,130,Übrige Kreise (Regierungsbezirk),8
,,130,Mecklenburg-Vorpommern,178
,,13,Mecklenburg-Vorpommern,178
,,14511,"Chemnitz, Stadt",21
,,14521,Erzgebirgskreis,17
,,14522,Mittelsachsen,19
,,14523,Vogtlandkreis,12
,,14612,"Dresden, Stadt",101
,,14625,Bautzen,40
,,14626,Görlitz,14
,,14627,Meißen,19
,,14628,Sächs. Schweiz-Osterzgebirge,17
,,14713,"Leipzig, Stadt",107
,,14729,Leipzig,10
,,14730,Nordsachsen,28
,,140,Übrige Kreise (Regierungsbezirk),9
,,140,Sachsen,414
,,14,Sachsen,414
,,15002,"Halle (Saale), Stadt",22
,,15003,"Magdeburg, Landeshauptstadt",29
,,15082,Anhalt-Bitterfeld,27
,,15083,Börde,12
,,15084,Burgenlandkreis,71
,,15085,Harz,12
,,15086,Jerichower Land,14
,,15088,Saalekreis,35
,,15089,Salzlandkreis,22
,,15090,Stendal,11
,,15091,Wittenberg,24
,,150,Übrige Kreise (Regierungsbezirk),16
,,150,Sachsen-Anhalt,295
,,15,Sachsen-Anhalt,295
,,16051,"Erfurt, Stadt",17
,,160,Übrige Kreise (Regierungsbezirk),78
,,160,Thüringen,95
,,16,Thüringen,95
,,ZZ,Auspendler in das Bundesgebiet,"30,960"
,,Z,Auspendler insgesamt,"30,960"
12068,Ostprignitz-Ruppin,,,
,,01003,"Lübeck, Hansestadt",15
,,01053,Herzogtum Lauenburg,16
,,01054,Nordfriesland,20
,,01058,Rendsburg-Eckernförde,14
,,01060,Segeberg,15
,,01062,Stormarn,20
,,010,Übrige Kreise (Regierungsbezirk),57
,,010,Schleswig-Holstein,157
,,01,Schleswig-Holstein,157
,,02000,"Hamburg, Freie und Hansestadt",177
,,020,Hamburg,177
,,02,Hamburg,177
,,031,Statistische Region Braunschweig,31
,,03241,Region Hannover,33
,,032,Übrige Kreise (Regierungsbezirk),20
,,032,Statistische Region Hannover,53
,,03351,Celle,20
,,03352,Cuxhaven,19
,,03353,Harburg,17
,,03355,Lüneburg,13
,,03357,Rotenburg (Wümme),13
,,033,Übrige Kreise (Regierungsbezirk),35
,,033,Statistische Region Lüneburg,117
,,03459,Osnabrück,10
,,03460,Vechta,34
,,034,Übrige Kreise (Regierungsbezirk),53
,,034,Statistische Region Weser-Ems,97
,,03,Niedersachsen,298
,,04011,"Bremen, Stadt",17
,,040,Übrige Kreise (Regierungsbezirk),4
,,040,Bremen,21
,,04,Bremen,21
,,05111,"Düsseldorf, Stadt",16
,,05113,"Essen, Stadt",19
,,05158,Mettmann,10
,,051,Übrige Kreise (Regierungsbezirk),39
,,051,Reg.-Bez. Düsseldorf,84
,,05315,"Köln, Stadt",17
,,053,Übrige Kreise (Regierungsbezirk),29
,,053,Reg.-Bez. Köln,46
,,05566,Steinfurt,22
,,055,Übrige Kreise (Regierungsbezirk),30
,,055,Reg.-Bez. Münster,52
,,05754,Gütersloh,39
,,057,Übrige Kreise (Regierungsbezirk),26
,,057,Reg.-Bez. Detmold,65
,,059,Reg.-Bez. Arnsberg,38
,,05,Nordrhein-Westfalen,285
,,06412,"Frankfurt am Main, Stadt",17
,,06414,"Wiesbaden, Landeshauptstadt",11
,,064,Übrige Kreise (Regierungsbezirk),42
,,064,Reg.-Bez. Darmstadt,70
,,06631,Fulda,15
,,066,Übrige Kreise (Regierungsbezirk),11
,,066,Reg.-Bez. Kassel,26
,,06,Übrige Regierungsbezirke (Bundesland),5
,,06,Hessen,101
,,07140,Rhein-Hunsrück-Kreis,24
,,070,Übrige Kreise (Regierungsbezirk),25
,,070,Rheinland-Pfalz,49
,,07,Rheinland-Pfalz,49
,,08111,"Stuttgart, Landeshauptstadt",14
,,08136,Ostalbkreis,14
,,081,Übrige Kreise (Regierungsbezirk),27
,,081,Reg.-Bez. Stuttgart,55
,,08212,"Karlsruhe, Stadt",15
,,082,Übrige Kreise (Regierungsbezirk),36
,,082,Reg.-Bez. Karlsruhe,51
,,083,Reg.-Bez. Freiburg,15
,,084,Reg.-Bez. Tübingen,10
,,08,Baden-Württemberg,131
,,09162,"München, Landeshauptstadt",26
,,09184,München,14
,,091,Übrige Kreise (Regierungsbezirk),14
,,091,Oberbayern,54
,,094,Oberfranken,14
,,09564,"Nürnberg, Stadt",23
,,095,Übrige Kreise (Regierungsbezirk),19
,,095,Mittelfranken,42
,,09678,Schweinfurt,10
,,096,Übrige Kreise (Regierungsbezirk),18
,,096,Unterfranken,28
,,097,Schwaben,21
,,09,Übrige Regierungsbezirke (Bundesland),16
,,09,Bayern,175
,,11000,"Berlin, Stadt","2,422"
,,110,Berlin,"2,422"
,,11,Berlin,"2,422"
,,12051,"Brandenburg an der Havel, St.",169
,,12052,"Cottbus, Stadt",12
,,12053,"Frankfurt (Oder), Stadt",143
,,12054,"Potsdam, Stadt",441
,,12060,Barnim,134
,,12061,Dahme-Spreewald,36
,,12063,Havelland,"1,026"
,,12064,Märkisch-Oderland,126
,,12065,Oberhavel,"1,485"
,,12067,Oder-Spree,57
,,12069,Potsdam-Mittelmark,110
,,12070,Prignitz,"1,696"
,,12072,Teltow-Fläming,134
,,12073,Uckermark,73
,,120,Übrige Kreise (Regierungsbezirk),15
,,120,Brandenburg,"5,657"
,,12,Brandenburg,"5,657"
,,13003,"Rostock, Hansestadt",61
,,13004,"Schwerin, Landeshauptstadt",52
,,13071,Mecklenburgische Seenplatte,390
,,13072,Landkreis Rostock,36
,,13073,Vorpommern-Rügen,29
,,13074,Nordwestmecklenburg,28
,,13075,Vorpommern-Greifswald,50
,,13076,Ludwigslust-Parchim,109
,,130,Mecklenburg-Vorpommern,755
,,13,Mecklenburg-Vorpommern,755
,,14511,"Chemnitz, Stadt",10
,,14522,Mittelsachsen,22
,,14612,"Dresden, Stadt",27
,,14713,"Leipzig, Stadt",56
,,14730,Nordsachsen,16
,,140,Übrige Kreise (Regierungsbezirk),41
,,140,Sachsen,172
,,14,Sachsen,172
,,15002,"Halle (Saale), Stadt",13
,,15003,"Magdeburg, Landeshauptstadt",20
,,15081,Altmarkkreis Salzwedel,16
,,15083,Börde,11
,,15086,Jerichower Land,17
,,15088,Saalekreis,14
,,15090,Stendal,125
,,150,Übrige Kreise (Regierungsbezirk),37
,,150,Sachsen-Anhalt,253
,,15,Sachsen-Anhalt,253
,,160,Thüringen,48
,,16,Thüringen,48
,,ZZ,Übrige Bundesländer,8
,,ZZ,Auspendler in das Bundesgebiet,"10,709"
,,Z,Auspendler insgesamt,"10,709"
12069,Potsdam-Mittelmark,,,
,,01002,"Kiel, Landeshauptstadt",15
,,01003,"Lübeck, Hansestadt",18
,,01004,"Neumünster, Stadt",22
,,01051,Dithmarschen,11
,,01053,Herzogtum Lauenburg,19
,,01054,Nordfriesland,13
,,01056,Pinneberg,33
,,01058,Rendsburg-Eckernförde,12
,,01060,Segeberg,11
,,01062,Stormarn,17
,,010,Übrige Kreise (Regierungsbezirk),24
,,010,Schleswig-Holstein,195
,,01,Schleswig-Holstein,195
,,02000,"Hamburg, Freie und Hansestadt",360
,,020,Hamburg,360
,,02,Hamburg,360
,,03101,"Braunschweig, Stadt",55
,,03103,"Wolfsburg, Stadt",40
,,03159,Göttingen,25
,,031,Übrige Kreise (Regierungsbezirk),40
,,031,Statistische Region Braunschweig,160
,,03241,Region Hannover,115
,,03251,Diepholz,10
,,032,Übrige Kreise (Regierungsbezirk),30
,,032,Statistische Region Hannover,155
,,03351,Celle,17
,,03353,Harburg,22
,,03359,Stade,17
,,03361,Verden,16
,,033,Übrige Kreise (Regierungsbezirk),33
,,033,Statistische Region Lüneburg,105
,,03403,"Oldenburg (Oldenburg), Stadt",10
,,03453,Cloppenburg,10
,,03454,Emsland,30
,,03456,Grafschaft Bentheim,10
,,03459,Osnabrück,24
,,03460,Vechta,12
,,03462,Wittmund,40
,,034,Übrige Kreise (Regierungsbezirk),29
,,034,Statistische Region Weser-Ems,165
,,03,Niedersachsen,585
,,04011,"Bremen, Stadt",52
,,040,Übrige Kreise (Regierungsbezirk),*
,,040,Bremen,54
,,04,Bremen,54
,,05111,"Düsseldorf, Stadt",100
,,05112,"Duisburg, Stadt",22
,,05113,"Essen, Stadt",43
,,05114,"Krefeld, Stadt",10
,,05116,"Mönchengladbach, Stadt",11
,,05117,"Mülheim an der Ruhr, Stadt",13
,,05124,"Wuppertal, Stadt",11
,,05158,Mettmann,44
,,05162,Rhein-Kreis Neuss,14
,,051,Übrige Kreise (Regierungsbezirk),29
,,051,Reg.-Bez. Düsseldorf,297
,,05314,"Bonn, Stadt",74
,,05315,"Köln, Stadt",138
,,05316,"Leverkusen, Stadt",11
,,05334,Städteregion Aachen,18
,,05362,Rhein-Erft-Kreis,12
,,05374,Oberbergischer Kreis,20
,,05382,Rhein-Sieg-Kreis,56
,,053,Übrige Kreise (Regierungsbezirk),22
,,053,Reg.-Bez. Köln,351
,,05515,"Münster, Stadt",15
,,05554,Borken,11
,,05562,Recklinghausen,19
,,05566,Steinfurt,62
,,055,Übrige Kreise (Regierungsbezirk),17
,,055,Reg.-Bez. Münster,124
,,05711,"Bielefeld, Stadt",26
,,05754,Gütersloh,30
,,05766,Lippe,14
,,05770,Minden-Lübbecke,52
,,05774,Paderborn,16
,,057,Übrige Kreise (Regierungsbezirk),10
,,057,Reg.-Bez. Detmold,148
,,05913,"Dortmund, Stadt",33
,,05954,Ennepe-Ruhr-Kreis,10
,,05962,Märkischer Kreis,10
,,05970,Siegen-Wittgenstein,11
,,05974,Soest,16
,,05978,Unna,19
,,059,Übrige Kreise (Regierungsbezirk),37
,,059,Reg.-Bez. Arnsberg,136
,,05,Nordrhein-Westfalen,"1,056"
,,06411,"Darmstadt, Wissenschaftsstadt",11
,,06412,"Frankfurt am Main, Stadt",212
,,06414,"Wiesbaden, Landeshauptstadt",46
,,06431,Bergstraße,12
,,06432,Darmstadt-Dieburg,15
,,06433,Groß-Gerau,15
,,06434,Hochtaunuskreis,44
,,06435,Main-Kinzig-Kreis,14
,,06436,Main-Taunus-Kreis,42
,,06438,Offenbach,36
,,06440,Wetteraukreis,11
,,064,Übrige Kreise (Regierungsbezirk),9
,,064,Reg.-Bez. Darmstadt,467
,,06532,Lahn-Dill-Kreis,11
,,065,Übrige Kreise (Regierungsbezirk),21
,,065,Reg.-Bez. Gießen,32
,,06611,"Kassel, documenta-Stadt",13
,,06631,Fulda,10
,,06636,Werra-Meißner-Kreis,13
,,066,Übrige Kreise (Regierungsbezirk),13
,,066,Reg.-Bez. Kassel,49
,,06,Hessen,548
,,07315,"Mainz, kreisfreie Stadt",22
,,070,Übrige Kreise (Regierungsbezirk),85
,,070,Rheinland-Pfalz,107
,,07,Rheinland-Pfalz,107
,,08111,"Stuttgart, Landeshauptstadt",87
,,08116,Esslingen,44
,,08118,Ludwigsburg,23
,,08119,Rems-Murr-Kreis,20
,,08125,Heilbronn,10
,,08126,Hohenlohekreis,11
,,08128,Main-Tauber-Kreis,10
,,08136,Ostalbkreis,23
,,081,Übrige Kreise (Regierungsbezirk),34
,,081,Reg.-Bez. Stuttgart,262
,,08212,"Karlsruhe, Stadt",25
,,08215,Karlsruhe,16
,,08221,"Heidelberg, Stadt",11
,,08222,"Mannheim, Universitätsstadt",37
,,08226,Rhein-Neckar-Kreis,26
,,08231,"Pforzheim, Stadt",10
,,08236,Enzkreis,14
,,082,Übrige Kreise (Regierungsbezirk),15
,,082,Reg.-Bez. Karlsruhe,154
,,08311,"Freiburg im Breisgau, Stadt",16
,,08317,Ortenaukreis,10
,,083,Übrige Kreise (Regierungsbezirk),44
,,083,Reg.-Bez. Freiburg,70
,,08415,Reutlingen,12
,,08426,Biberach,10
,,08435,Bodenseekreis,16
,,084,Übrige Kreise (Regierungsbezirk),23
,,084,Reg.-Bez. Tübingen,61
,,08,Baden-Württemberg,547
,,09161,"Ingolstadt, Stadt",11
,,09162,"München, Landeshauptstadt",224
,,09178,Freising,26
,,09181,Landsberg am Lech,17
,,09184,München,97
,,091,Übrige Kreise (Regierungsbezirk),69
,,091,Oberbayern,444
,,092,Niederbayern,26
,,093,Oberpfalz,33
,,094,Oberfranken,33
,,09562,"Erlangen, Stadt",17
,,09564,"Nürnberg, Stadt",51
,,095,Übrige Kreise (Regierungsbezirk),33
,,095,Mittelfranken,101
,,09671,Aschaffenburg,10
,,096,Übrige Kreise (Regierungsbezirk),29
,,096,Unterfranken,39
,,09761,"Augsburg, Stadt",18
,,097,Übrige Kreise (Regierungsbezirk),53
,,097,Schwaben,71
,,09,Bayern,747
,,100,Saarland,15
,,10,Saarland,15
,,11000,"Berlin, Stadt","21,038"
,,110,Berlin,"21,038"
,,11,Berlin,"21,038"
,,12051,"Brandenburg an der Havel, St.","6,131"
,,12052,"Cottbus, Stadt",97
,,12053,"Frankfurt (Oder), Stadt",92
,,12054,"Potsdam, Stadt","15,159"
,,12060,Barnim,149
,,12061,Dahme-Spreewald,673
,,12062,Elbe-Elster,36
,,12063,Havelland,"1,193"
,,12064,Märkisch-Oderland,182
,,12065,Oberhavel,333
,,12066,Oberspreewald-Lausitz,35
,,12067,Oder-Spree,131
,,12068,Ostprignitz-Ruppin,109
,,12070,Prignitz,16
,,12071,Spree-Neiße,12
,,12072,Teltow-Fläming,"3,338"
,,12073,Uckermark,30
,,120,Brandenburg,"27,716"
,,12,Brandenburg,"27,716"
,,13003,"Rostock, Hansestadt",27
,,13004,"Schwerin, Landeshauptstadt",18
,,13071,Mecklenburgische Seenplatte,61
,,13072,Landkreis Rostock,16
,,13073,Vorpommern-Rügen,23
,,13074,Nordwestmecklenburg,12
,,13075,Vorpommern-Greifswald,17
,,13076,Ludwigslust-Parchim,17
,,130,Mecklenburg-Vorpommern,191
,,13,Mecklenburg-Vorpommern,191
,,14511,"Chemnitz, Stadt",24
,,14521,Erzgebirgskreis,37
,,14522,Mittelsachsen,35
,,14524,Zwickau,12
,,14612,"Dresden, Stadt",144
,,14625,Bautzen,71
,,14626,Görlitz,11
,,14627,Meißen,72
,,14628,Sächs. Schweiz-Osterzgebirge,27
,,14713,"Leipzig, Stadt",256
,,14729,Leipzig,28
,,14730,Nordsachsen,30
,,140,Übrige Kreise (Regierungsbezirk),8
,,140,Sachsen,755
,,14,Sachsen,755
,,15001,"Dessau-Roßlau, Stadt",127
,,15002,"Halle (Saale), Stadt",98
,,15003,"Magdeburg, Landeshauptstadt",192
,,15081,Altmarkkreis Salzwedel,18
,,15082,Anhalt-Bitterfeld,80
,,15083,Börde,42
,,15085,Harz,21
,,15086,Jerichower Land,327
,,15088,Saalekreis,52
,,15089,Salzlandkreis,30
,,15090,Stendal,57
,,15091,Wittenberg,311
,,150,Übrige Kreise (Regierungsbezirk),13
,,150,Sachsen-Anhalt,"1,368"
,,15,Sachsen-Anhalt,"1,368"
,,16051,"Erfurt, Stadt",24
,,16052,"Gera, Stadt",38
,,16053,"Jena, Stadt",13
,,16071,Weimarer Land,13
,,160,Übrige Kreise (Regierungsbezirk),91
,,160,Thüringen,179
,,16,Thüringen,179
,,ZZ,Auspendler in das Bundesgebiet,"55,461"
,,Z,Auspendler insgesamt,"55,461"
12070,Prignitz,,,
,,01002,"Kiel, Landeshauptstadt",17
,,01003,"Lübeck, Hansestadt",39
,,01053,Herzogtum Lauenburg,29
,,01054,Nordfriesland,27
,,01055,Ostholstein,12
,,01056,Pinneberg,22
,,01060,Segeberg,25
,,01062,Stormarn,98
,,010,Übrige Kreise (Regierungsbezirk),40
,,010,Schleswig-Holstein,309
,,01,Schleswig-Holstein,309
,,02000,"Hamburg, Freie und Hansestadt",431
,,020,Hamburg,431
,,02,Hamburg,431
,,03101,"Braunschweig, Stadt",11
,,03103,"Wolfsburg, Stadt",21
,,03151,Gifhorn,11
,,031,Übrige Kreise (Regierungsbezirk),22
,,031,Statistische Region Braunschweig,65
,,03241,Region Hannover,47
,,032,Übrige Kreise (Regierungsbezirk),22
,,032,Statistische Region Hannover,69
,,03351,Celle,29
,,03353,Harburg,65
,,03354,Lüchow-Dannenberg,101
,,03355,Lüneburg,44
,,03357,Rotenburg (Wümme),10
,,03359,Stade,11
,,03360,Uelzen,21
,,033,Übrige Kreise (Regierungsbezirk),23
,,033,Statistische Region Lüneburg,304
,,03453,Cloppenburg,16
,,03454,Emsland,31
,,03459,Osnabrück,13
,,03460,Vechta,14
,,034,Übrige Kreise (Regierungsbezirk),24
,,034,Statistische Region Weser-Ems,98
,,03,Niedersachsen,536
,,04011,"Bremen, Stadt",22
,,040,Übrige Kreise (Regierungsbezirk),*
,,040,Bremen,23
,,04,Bremen,23
,,05111,"Düsseldorf, Stadt",77
,,05114,"Krefeld, Stadt",181
,,05154,Kleve,10
,,051,Übrige Kreise (Regierungsbezirk),32
,,051,Reg.-Bez. Düsseldorf,300
,,05315,"Köln, Stadt",10
,,053,Übrige Kreise (Regierungsbezirk),17
,,053,Reg.-Bez. Köln,27
,,05566,Steinfurt,11
,,055,Übrige Kreise (Regierungsbezirk),18
,,055,Reg.-Bez. Münster,29
,,05754,Gütersloh,18
,,05766,Lippe,21
,,057,Übrige Kreise (Regierungsbezirk),14
,,057,Reg.-Bez. Detmold,53
,,059,Reg.-Bez. Arnsberg,19
,,05,Nordrhein-Westfalen,428
,,06435,Main-Kinzig-Kreis,13
,,064,Übrige Kreise (Regierungsbezirk),28
,,064,Reg.-Bez. Darmstadt,41
,,066,Reg.-Bez. Kassel,14
,,06,Übrige Regierungsbezirke (Bundesland),*
,,06,Hessen,57
,,070,Rheinland-Pfalz,18
,,07,Rheinland-Pfalz,18
,,081,Reg.-Bez. Stuttgart,28
,,082,Reg.-Bez. Karlsruhe,13
,,083,Reg.-Bez. Freiburg,12
,,08,Übrige Regierungsbezirke (Bundesland),8
,,08,Baden-Württemberg,61
,,09162,"München, Landeshauptstadt",18
,,091,Übrige Kreise (Regierungsbezirk),28
,,091,Oberbayern,46
,,094,Oberfranken,14
,,095,Mittelfranken,20
,,096,Unterfranken,16
,,09,Übrige Regierungsbezirke (Bundesland),19
,,09,Bayern,115
,,11000,"Berlin, Stadt",645
,,110,Berlin,645
,,11,Berlin,645
,,12051,"Brandenburg an der Havel, St.",83
,,12054,"Potsdam, Stadt",165
,,12060,Barnim,17
,,12061,Dahme-Spreewald,16
,,12063,Havelland,102
,,12064,Märkisch-Oderland,44
,,12065,Oberhavel,79
,,12067,Oder-Spree,14
,,12068,Ostprignitz-Ruppin,"1,805"
,,12069,Potsdam-Mittelmark,56
,,12072,Teltow-Fläming,24
,,12073,Uckermark,15
,,120,Übrige Kreise (Regierungsbezirk),21
,,120,Brandenburg,"2,441"
,,12,Brandenburg,"2,441"
,,13003,"Rostock, Hansestadt",105
,,13004,"Schwerin, Landeshauptstadt",304
,,13071,Mecklenburgische Seenplatte,137
,,13072,Landkreis Rostock,48
,,13073,Vorpommern-Rügen,26
,,13074,Nordwestmecklenburg,107
,,13075,Vorpommern-Greifswald,13
,,13076,Ludwigslust-Parchim,947
,,130,Mecklenburg-Vorpommern,"1,687"
,,13,Mecklenburg-Vorpommern,"1,687"
,,14612,"Dresden, Stadt",10
,,14713,"Leipzig, Stadt",13
,,14729,Leipzig,10
,,140,Übrige Kreise (Regierungsbezirk),34
,,140,Sachsen,67
,,14,Sachsen,67
,,15002,"Halle (Saale), Stadt",11
,,15003,"Magdeburg, Landeshauptstadt",43
,,15081,Altmarkkreis Salzwedel,71
,,15082,Anhalt-Bitterfeld,78
,,15083,Börde,19
,,15085,Harz,16
,,15086,Jerichower Land,21
,,15090,Stendal,458
,,150,Übrige Kreise (Regierungsbezirk),24
,,150,Sachsen-Anhalt,741
,,15,Sachsen-Anhalt,741
,,160,Thüringen,39
,,16,Thüringen,39
,,ZZ,Übrige Bundesländer,4
,,ZZ,Auspendler in das Bundesgebiet,"7,602"
,,Z,Auspendler insgesamt,"7,602"
12071,Spree-Neiße,,,
,,01054,Nordfriesland,21
,,010,Übrige Kreise (Regierungsbezirk),51
,,010,Schleswig-Holstein,72
,,01,Schleswig-Holstein,72
,,02000,"Hamburg, Freie und Hansestadt",57
,,020,Hamburg,57
,,02,Hamburg,57
,,03101,"Braunschweig, Stadt",12
,,03103,"Wolfsburg, Stadt",16
,,031,Übrige Kreise (Regierungsbezirk),18
,,031,Statistische Region Braunschweig,46
,,03241,Region Hannover,33
,,03257,Schaumburg,16
,,032,Übrige Kreise (Regierungsbezirk),9
,,032,Statistische Region Hannover,58
,,03351,Celle,11
,,033,Übrige Kreise (Regierungsbezirk),44
,,033,Statistische Region Lüneburg,55
,,034,Statistische Region Weser-Ems,45
,,03,Niedersachsen,204
,,04011,"Bremen, Stadt",11
,,040,Bremen,11
,,04,Bremen,11
,,05111,"Düsseldorf, Stadt",22
,,05112,"Duisburg, Stadt",14
,,05113,"Essen, Stadt",23
,,05117,"Mülheim an der Ruhr, Stadt",10
,,05158,Mettmann,14
,,051,Übrige Kreise (Regierungsbezirk),39
,,051,Reg.-Bez. Düsseldorf,122
,,05315,"Köln, Stadt",22
,,05334,Städteregion Aachen,17
,,05362,Rhein-Erft-Kreis,10
,,05382,Rhein-Sieg-Kreis,11
,,053,Übrige Kreise (Regierungsbezirk),32
,,053,Reg.-Bez. Köln,92
,,05562,Recklinghausen,13
,,05566,Steinfurt,10
,,055,Übrige Kreise (Regierungsbezirk),28
,,055,Reg.-Bez. Münster,51
,,05754,Gütersloh,10
,,057,Übrige Kreise (Regierungsbezirk),17
,,057,Reg.-Bez. Detmold,27
,,059,Reg.-Bez. Arnsberg,40
,,05,Nordrhein-Westfalen,332
,,06412,"Frankfurt am Main, Stadt",38
,,06436,Main-Taunus-Kreis,13
,,06438,Offenbach,16
,,064,Übrige Kreise (Regierungsbezirk),35
,,064,Reg.-Bez. Darmstadt,102
,,06632,Hersfeld-Rotenburg,10
,,066,Übrige Kreise (Regierungsbezirk),14
,,066,Reg.-Bez. Kassel,24
,,06,Übrige Regierungsbezirke (Bundesland),8
,,06,Hessen,134
,,070,Rheinland-Pfalz,64
,,07,Rheinland-Pfalz,64
,,08111,"Stuttgart, Landeshauptstadt",23
,,08116,Esslingen,24
,,08119,Rems-Murr-Kreis,10
,,08127,Schwäbisch Hall,10
,,08136,Ostalbkreis,11
,,081,Übrige Kreise (Regierungsbezirk),39
,,081,Reg.-Bez. Stuttgart,117
,,08212,"Karlsruhe, Stadt",11
,,08222,"Mannheim, Universitätsstadt",19
,,082,Übrige Kreise (Regierungsbezirk),35
,,082,Reg.-Bez. Karlsruhe,65
,,08317,Ortenaukreis,11
,,08335,Konstanz,10
,,083,Übrige Kreise (Regierungsbezirk),17
,,083,Reg.-Bez. Freiburg,38
,,08426,Biberach,14
,,084,Übrige Kreise (Regierungsbezirk),31
,,084,Reg.-Bez. Tübingen,45
,,08,Baden-Württemberg,265
,,09161,"Ingolstadt, Stadt",13
,,09162,"München, Landeshauptstadt",49
,,09184,München,32
,,091,Übrige Kreise (Regierungsbezirk),59
,,091,Oberbayern,153
,,092,Niederbayern,33
,,093,Oberpfalz,31
,,094,Oberfranken,16
,,09564,"Nürnberg, Stadt",36
,,095,Übrige Kreise (Regierungsbezirk),16
,,095,Mittelfranken,52
,,096,Unterfranken,23
,,09761,"Augsburg, Stadt",16
,,097,Übrige Kreise (Regierungsbezirk),28
,,097,Schwaben,44
,,09,Bayern,352
,,10041,Regionalverband Saarbrücken,11
,,100,Übrige Kreise (Regierungsbezirk),15
,,100,Saarland,26
,,10,Saarland,26
,,11000,"Berlin, Stadt",859
,,110,Berlin,859
,,11,Berlin,859
,,12051,"Brandenburg an der Havel, St.",38
,,12052,"Cottbus, Stadt","11,650"
,,12053,"Frankfurt (Oder), Stadt",341
,,12054,"Potsdam, Stadt",233
,,12060,Barnim,39
,,12061,Dahme-Spreewald,596
,,12062,Elbe-Elster,224
,,12063,Havelland,11
,,12064,Märkisch-Oderland,34
,,12065,Oberhavel,28
,,12066,Oberspreewald-Lausitz,"2,160"
,,12067,Oder-Spree,804
,,12068,Ostprignitz-Ruppin,27
,,12069,Potsdam-Mittelmark,94
,,12072,Teltow-Fläming,145
,,12073,Uckermark,10
,,120,Übrige Kreise (Regierungsbezirk),4
,,120,Brandenburg,"16,438"
,,12,Brandenburg,"16,438"
,,13003,"Rostock, Hansestadt",15
,,13071,Mecklenburgische Seenplatte,10
,,13075,Vorpommern-Greifswald,10
,,130,Übrige Kreise (Regierungsbezirk),32
,,130,Mecklenburg-Vorpommern,67
,,13,Mecklenburg-Vorpommern,67
,,14511,"Chemnitz, Stadt",37
,,14521,Erzgebirgskreis,30
,,14522,Mittelsachsen,31
,,14524,Zwickau,27
,,14612,"Dresden, Stadt",241
,,14625,Bautzen,911
,,14626,Görlitz,833
,,14627,Meißen,72
,,14628,Sächs. Schweiz-Osterzgebirge,56
,,14713,"Leipzig, Stadt",120
,,14729,Leipzig,46
,,14730,Nordsachsen,15
,,140,Übrige Kreise (Regierungsbezirk),5
,,140,Sachsen,"2,424"
,,14,Sachsen,"2,424"
,,15002,"Halle (Saale), Stadt",29
,,15003,"Magdeburg, Landeshauptstadt",16
,,15082,Anhalt-Bitterfeld,30
,,15083,Börde,17
,,15084,Burgenlandkreis,17
,,15086,Jerichower Land,26
,,15088,Saalekreis,37
,,15089,Salzlandkreis,12
,,15091,Wittenberg,13
,,150,Übrige Kreise (Regierungsbezirk),22
,,150,Sachsen-Anhalt,219
,,15,Sachsen-Anhalt,219
,,16051,"Erfurt, Stadt",21
,,16061,Eichsfeld,11
,,160,Übrige Kreise (Regierungsbezirk),68
,,160,Thüringen,100
,,16,Thüringen,100
,,ZZ,Auspendler in das Bundesgebiet,"21,624"
,,Z,Auspendler insgesamt,"21,624"
12072,Teltow-Fläming,,,
,,01002,"Kiel, Landeshauptstadt",21
,,01003,"Lübeck, Hansestadt",13
,,01004,"Neumünster, Stadt",41
,,01053,Herzogtum Lauenburg,12
,,01060,Segeberg,20
,,010,Übrige Kreise (Regierungsbezirk),55
,,010,Schleswig-Holstein,162
,,01,Schleswig-Holstein,162
,,02000,"Hamburg, Freie und Hansestadt",205
,,020,Hamburg,205
,,02,Hamburg,205
,,03101,"Braunschweig, Stadt",33
,,03103,"Wolfsburg, Stadt",19
,,03159,Göttingen,12
,,031,Übrige Kreise (Regierungsbezirk),27
,,031,Statistische Region Braunschweig,91
,,03241,Region Hannover,96
,,03254,Hildesheim,10
,,032,Übrige Kreise (Regierungsbezirk),21
,,032,Statistische Region Hannover,127
,,03353,Harburg,65
,,03357,Rotenburg (Wümme),11
,,033,Übrige Kreise (Regierungsbezirk),38
,,033,Statistische Region Lüneburg,114
,,03404,"Osnabrück, Stadt",14
,,03453,Cloppenburg,16
,,03454,Emsland,19
,,03459,Osnabrück,20
,,03460,Vechta,11
,,034,Übrige Kreise (Regierungsbezirk),31
,,034,Statistische Region Weser-Ems,111
,,03,Niedersachsen,443
,,04011,"Bremen, Stadt",50
,,040,Übrige Kreise (Regierungsbezirk),3
,,040,Bremen,53
,,04,Bremen,53
,,05111,"Düsseldorf, Stadt",66
,,05113,"Essen, Stadt",38
,,05124,"Wuppertal, Stadt",14
,,05154,Kleve,13
,,05158,Mettmann,29
,,05162,Rhein-Kreis Neuss,17
,,05166,Viersen,12
,,051,Übrige Kreise (Regierungsbezirk),42
,,051,Reg.-Bez. Düsseldorf,231
,,05314,"Bonn, Stadt",24
,,05315,"Köln, Stadt",93
,,05334,Städteregion Aachen,12
,,05362,Rhein-Erft-Kreis,14
,,05374,Oberbergischer Kreis,16
,,05382,Rhein-Sieg-Kreis,30
,,053,Übrige Kreise (Regierungsbezirk),26
,,053,Reg.-Bez. Köln,215
,,05562,Recklinghausen,99
,,05566,Steinfurt,16
,,055,Übrige Kreise (Regierungsbezirk),29
,,055,Reg.-Bez. Münster,144
,,05711,"Bielefeld, Stadt",10
,,05754,Gütersloh,21
,,05766,Lippe,10
,,05770,Minden-Lübbecke,15
,,057,Übrige Kreise (Regierungsbezirk),16
,,057,Reg.-Bez. Detmold,72
,,05911,"Bochum, Stadt",11
,,05913,"Dortmund, Stadt",22
,,05978,Unna,25
,,059,Übrige Kreise (Regierungsbezirk),43
,,059,Reg.-Bez. Arnsberg,101
,,05,Nordrhein-Westfalen,763
,,06411,"Darmstadt, Wissenschaftsstadt",12
,,06412,"Frankfurt am Main, Stadt",183
,,06414,"Wiesbaden, Landeshauptstadt",28
,,06433,Groß-Gerau,12
,,06434,Hochtaunuskreis,33
,,06435,Main-Kinzig-Kreis,10
,,06436,Main-Taunus-Kreis,28
,,06438,Offenbach,26
,,064,Übrige Kreise (Regierungsbezirk),20
,,064,Reg.-Bez. Darmstadt,352
,,065,Reg.-Bez. Gießen,14
,,06636,Werra-Meißner-Kreis,13
,,066,Übrige Kreise (Regierungsbezirk),20
,,066,Reg.-Bez. Kassel,33
,,06,Hessen,399
,,07315,"Mainz, kreisfreie Stadt",13
,,07319,"Worms, kreisfreie Stadt",13
,,070,Übrige Kreise (Regierungsbezirk),80
,,070,Rheinland-Pfalz,106
,,07,Rheinland-Pfalz,106
,,08111,"Stuttgart, Landeshauptstadt",39
,,08116,Esslingen,15
,,08125,Heilbronn,18
,,08126,Hohenlohekreis,18
,,081,Übrige Kreise (Regierungsbezirk),56
,,081,Reg.-Bez. Stuttgart,146
,,08212,"Karlsruhe, Stadt",21
,,08215,Karlsruhe,14
,,08222,"Mannheim, Universitätsstadt",17
,,08226,Rhein-Neckar-Kreis,24
,,082,Übrige Kreise (Regierungsbezirk),23
,,082,Reg.-Bez. Karlsruhe,99
,,083,Reg.-Bez. Freiburg,36
,,084,Reg.-Bez. Tübingen,51
,,08,Baden-Württemberg,332
,,09161,"Ingolstadt, Stadt",12
,,09162,"München, Landeshauptstadt",92
,,09178,Freising,17
,,09184,München,50
,,091,Übrige Kreise (Regierungsbezirk),53
,,091,Oberbayern,224
,,09273,Kelheim,10
,,092,Übrige Kreise (Regierungsbezirk),24
,,092,Niederbayern,34
,,093,Oberpfalz,16
,,094,Oberfranken,33
,,09562,"Erlangen, Stadt",11
,,09564,"Nürnberg, Stadt",33
,,09577,Weißenburg-Gunzenhausen,14
,,095,Übrige Kreise (Regierungsbezirk),25
,,095,Mittelfranken,83
,,096,Unterfranken,31
,,097,Schwaben,39
,,09,Bayern,460
,,100,Saarland,16
,,10,Saarland,16
,,11000,"Berlin, Stadt","19,975"
,,110,Berlin,"19,975"
,,11,Berlin,"19,975"
,,12051,"Brandenburg an der Havel, St.",106
,,12052,"Cottbus, Stadt",111
,,12053,"Frankfurt (Oder), Stadt",95
,,12054,"Potsdam, Stadt","2,981"
,,12060,Barnim,97
,,12061,Dahme-Spreewald,"3,933"
,,12062,Elbe-Elster,573
,,12063,Havelland,140
,,12064,Märkisch-Oderland,267
,,12065,Oberhavel,172
,,12066,Oberspreewald-Lausitz,288
,,12067,Oder-Spree,188
,,12068,Ostprignitz-Ruppin,24
,,12069,Potsdam-Mittelmark,"3,827"
,,12070,Prignitz,16
,,12071,Spree-Neiße,44
,,12073,Uckermark,15
,,120,Brandenburg,"12,877"
,,12,Brandenburg,"12,877"
,,13003,"Rostock, Hansestadt",14
,,13004,"Schwerin, Landeshauptstadt",12
,,13071,Mecklenburgische Seenplatte,32
,,13072,Landkreis Rostock,15
,,13073,Vorpommern-Rügen,15
,,13075,Vorpommern-Greifswald,22
,,130,Übrige Kreise (Regierungsbezirk),13
,,130,Mecklenburg-Vorpommern,123
,,13,Mecklenburg-Vorpommern,123
,,14511,"Chemnitz, Stadt",21
,,14521,Erzgebirgskreis,23
,,14522,Mittelsachsen,29
,,14523,Vogtlandkreis,11
,,14524,Zwickau,12
,,14612,"Dresden, Stadt",154
,,14625,Bautzen,25
,,14626,Görlitz,10
,,14627,Meißen,47
,,14628,Sächs. Schweiz-Osterzgebirge,29
,,14713,"Leipzig, Stadt",153
,,14729,Leipzig,14
,,14730,Nordsachsen,25
,,140,Sachsen,553
,,14,Sachsen,553
,,15001,"Dessau-Roßlau, Stadt",16
,,15002,"Halle (Saale), Stadt",45
,,15003,"Magdeburg, Landeshauptstadt",32
,,15082,Anhalt-Bitterfeld,73
,,15083,Börde,23
,,15084,Burgenlandkreis,26
,,15085,Harz,20
,,15086,Jerichower Land,14
,,15088,Saalekreis,30
,,15089,Salzlandkreis,16
,,15091,Wittenberg,290
,,150,Übrige Kreise (Regierungsbezirk),11
,,150,Sachsen-Anhalt,596
,,15,Sachsen-Anhalt,596
,,16051,"Erfurt, Stadt",27
,,16063,Wartburgkreis,23
,,16070,Ilm-Kreis,12
,,16074,Saale-Holzland-Kreis,50
,,160,Übrige Kreise (Regierungsbezirk),75
,,160,Thüringen,187
,,16,Thüringen,187
,,ZZ,Auspendler in das Bundesgebiet,"37,250"
,,Z,Auspendler insgesamt,"37,250"
12073,Uckermark,,,
,,01004,"Neumünster, Stadt",11
,,01051,Dithmarschen,13
,,01053,Herzogtum Lauenburg,11
,,01054,Nordfriesland,20
,,01058,Rendsburg-Eckernförde,23
,,01059,Schleswig-Flensburg,12
,,01060,Segeberg,15
,,01061,Steinburg,11
,,01062,Stormarn,15
,,010,Übrige Kreise (Regierungsbezirk),28
,,010,Schleswig-Holstein,159
,,01,Schleswig-Holstein,159
,,02000,"Hamburg, Freie und Hansestadt",179
,,020,Hamburg,179
,,02,Hamburg,179
,,03101,"Braunschweig, Stadt",10
,,031,Übrige Kreise (Regierungsbezirk),39
,,031,Statistische Region Braunschweig,49
,,03241,Region Hannover,53
,,03257,Schaumburg,13
,,032,Übrige Kreise (Regierungsbezirk),16
,,032,Statistische Region Hannover,82
,,03353,Harburg,20
,,03357,Rotenburg (Wümme),10
,,033,Übrige Kreise (Regierungsbezirk),33
,,033,Statistische Region Lüneburg,63
,,03452,Aurich,33
,,03453,Cloppenburg,16
,,03454,Emsland,19
,,03459,Osnabrück,42
,,03460,Vechta,37
,,034,Übrige Kreise (Regierungsbezirk),44
,,034,Statistische Region Weser-Ems,191
,,03,Niedersachsen,385
,,04011,"Bremen, Stadt",12
,,040,Übrige Kreise (Regierungsbezirk),*
,,040,Bremen,13
,,04,Bremen,13
,,05111,"Düsseldorf, Stadt",21
,,05113,"Essen, Stadt",17
,,05117,"Mülheim an der Ruhr, Stadt",80
,,05119,"Oberhausen, Stadt",14
,,051,Übrige Kreise (Regierungsbezirk),46
,,051,Reg.-Bez. Düsseldorf,178
,,05315,"Köln, Stadt",37
,,05382,Rhein-Sieg-Kreis,22
,,053,Übrige Kreise (Regierungsbezirk),29
,,053,Reg.-Bez. Köln,88
,,05562,Recklinghausen,31
,,05566,Steinfurt,11
,,055,Übrige Kreise (Regierungsbezirk),21
,,055,Reg.-Bez. Münster,63
,,05754,Gütersloh,15
,,05770,Minden-Lübbecke,18
,,057,Übrige Kreise (Regierungsbezirk),26
,,057,Reg.-Bez. Detmold,59
,,05911,"Bochum, Stadt",23
,,05915,"Hamm, Stadt",12
,,05966,Olpe,18
,,059,Übrige Kreise (Regierungsbezirk),31
,,059,Reg.-Bez. Arnsberg,84
,,05,Nordrhein-Westfalen,472
,,06412,"Frankfurt am Main, Stadt",33
,,06434,Hochtaunuskreis,55
,,06435,Main-Kinzig-Kreis,53
,,06438,Offenbach,12
,,064,Übrige Kreise (Regierungsbezirk),18
,,064,Reg.-Bez. Darmstadt,171
,,06532,Lahn-Dill-Kreis,15
,,065,Übrige Kreise (Regierungsbezirk),9
,,065,Reg.-Bez. Gießen,24
,,06632,Hersfeld-Rotenburg,13
,,066,Übrige Kreise (Regierungsbezirk),13
,,066,Reg.-Bez. Kassel,26
,,06,Hessen,221
,,070,Rheinland-Pfalz,28
,,07,Rheinland-Pfalz,28
,,08111,"Stuttgart, Landeshauptstadt",10
,,08118,Ludwigsburg,11
,,081,Übrige Kreise (Regierungsbezirk),37
,,081,Reg.-Bez. Stuttgart,58
,,08222,"Mannheim, Universitätsstadt",15
,,082,Übrige Kreise (Regierungsbezirk),24
,,082,Reg.-Bez. Karlsruhe,39
,,083,Reg.-Bez. Freiburg,20
,,084,Reg.-Bez. Tübingen,20
,,08,Baden-Württemberg,137
,,09162,"München, Landeshauptstadt",27
,,09184,München,23
,,091,Übrige Kreise (Regierungsbezirk),39
,,091,Oberbayern,89
,,092,Niederbayern,20
,,095,Mittelfranken,24
,,096,Unterfranken,14
,,09761,"Augsburg, Stadt",11
,,09775,Neu-Ulm,34
,,097,Übrige Kreise (Regierungsbezirk),14
,,097,Schwaben,59
,,09,Übrige Regierungsbezirke (Bundesland),15
,,09,Bayern,221
,,11000,"Berlin, Stadt","1,935"
,,110,Berlin,"1,935"
,,11,Berlin,"1,935"
,,12051,"Brandenburg an der Havel, St.",34
,,12052,"Cottbus, Stadt",10
,,12053,"Frankfurt (Oder), Stadt",165
,,12054,"Potsdam, Stadt",239
,,12060,Barnim,"1,882"
,,12061,Dahme-Spreewald,70
,,12062,Elbe-Elster,17
,,12063,Havelland,36
,,12064,Märkisch-Oderland,207
,,12065,Oberhavel,587
,,12066,Oberspreewald-Lausitz,38
,,12067,Oder-Spree,148
,,12068,Ostprignitz-Ruppin,176
,,12069,Potsdam-Mittelmark,84
,,12070,Prignitz,24
,,12071,Spree-Neiße,13
,,12072,Teltow-Fläming,85
,,120,Brandenburg,"3,815"
,,12,Brandenburg,"3,815"
,,13003,"Rostock, Hansestadt",55
,,13004,"Schwerin, Landeshauptstadt",18
,,13071,Mecklenburgische Seenplatte,881
,,13072,Landkreis Rostock,43
,,13073,Vorpommern-Rügen,64
,,13074,Nordwestmecklenburg,14
,,13075,Vorpommern-Greifswald,"1,069"
,,13076,Ludwigslust-Parchim,16
,,130,Mecklenburg-Vorpommern,"2,160"
,,13,Mecklenburg-Vorpommern,"2,160"
,,14511,"Chemnitz, Stadt",10
,,14612,"Dresden, Stadt",31
,,14625,Bautzen,20
,,14628,Sächs. Schweiz-Osterzgebirge,10
,,14713,"Leipzig, Stadt",60
,,140,Übrige Kreise (Regierungsbezirk),49
,,140,Sachsen,180
,,14,Sachsen,180
,,15001,"Dessau-Roßlau, Stadt",12
,,15002,"Halle (Saale), Stadt",34
,,15003,"Magdeburg, Landeshauptstadt",67
,,15082,Anhalt-Bitterfeld,26
,,15086,Jerichower Land,16
,,15088,Saalekreis,122
,,150,Übrige Kreise (Regierungsbezirk),39
,,150,Sachsen-Anhalt,316
,,15,Sachsen-Anhalt,316
,,16051,"Erfurt, Stadt",12
,,16061,Eichsfeld,21
,,16063,Wartburgkreis,10
,,160,Übrige Kreise (Regierungsbezirk),31
,,160,Thüringen,74
,,16,Thüringen,74
,,ZZ,Übrige Bundesländer,5
,,ZZ,Auspendler in das Bundesgebiet,"10,300"
,,Z,Auspendler insgesamt,"10,300"
